elements,formula,Predicted_Tc
In-Sn,In0.502Sn0.498,6.997486111
In-Sn,In0.508Sn0.492,6.969008333
In-Sn-Zn,In0.490Sn0.502Zn0.008,6.96044
Bi-Sn,Bi0.808Sn0.192,6.926459444
In-Sn,In0.481Sn0.519,6.881592222
In-Sn,In0.535Sn0.465,6.855025
In-Sn-Zn,In0.473Sn0.502Zn0.025,6.8379475
In-Sn-Ag,In0.479Sn0.513Ag0.008,6.834850556
Bi-Sn,Bi0.784Sn0.216,6.806637778
In-Sn,In0.565Sn0.435,6.780883333
In-Sn,In0.564Sn0.436,6.780883333
In-Sn,In0.571Sn0.429,6.766765
In-Sn,In0.587Sn0.413,6.763873333
In-Sn,In0.589Sn0.411,6.762953889
In-Sn,In0.599Sn0.401,6.760795556
Bi-Sn,Bi0.836Sn0.164,6.731698333
Ga-In-Sn,Ga0.162In0.448Sn0.390,6.69367797
In-Sn-Zn,In0.672Sn0.303Zn0.025,6.642765833
Bi-In-Sn,Bi0.757In0.057Sn0.186,6.638358333
In-Sn-Sb,In0.461Sn0.513Sb0.026,6.5877925
Bi-Sn,Bi0.767Sn0.233,6.585130556
Ga-In-Sn,Ga0.181In0.435Sn0.384,6.570887201
Ga-In-Sn,Ga0.131In0.632Sn0.237,6.548575833
In-Sn-Ag,In0.546Sn0.410Ag0.044,6.538062222
Bi-In-Sn,Bi0.058In0.574Sn0.368,6.531986389
Ga-In-Sn,Ga0.099In0.547Sn0.354,6.525810897
Ga-In-Sn,Ga0.206In0.558Sn0.236,6.509402137
Ga-In-Sn,Ga0.108In0.620Sn0.272,6.501584722
In-Sn-Zn,In0.487Sn0.380Zn0.133,6.490701
Bi-In-Sn,Bi0.078In0.493Sn0.429,6.483660833
Ga-In-Sn,Ga0.165In0.407Sn0.428,6.473175256
Bi-In-Sn,Bi0.085In0.580Sn0.335,6.452521389
Sn-Cu,Sn0.897Cu0.103,6.449988889
In-Sn-Sb,In0.617Sn0.320Sb0.063,6.44416
Ga-In-Sn,Ga0.343In0.431Sn0.226,6.383848761
Ga-In-Sn,Ga0.168In0.382Sn0.450,6.381471368
In-Sn-Ag,In0.611Sn0.333Ag0.056,6.347571111
Bi-Sn,Bi0.920Sn0.080,6.336913333
Ga-In-Sn,Ga0.377In0.398Sn0.225,6.330273889
Bi-Sn,Bi0.925Sn0.075,6.305463333
In-Sn-Cu,In0.402Sn0.487Cu0.111,6.294758333
In-Sn-Sb,In0.418Sn0.495Sb0.087,6.276202222
Bi-In-Sn,Bi0.081In0.655Sn0.264,6.264706111
In-Sn-Sb,In0.505Sn0.352Sb0.143,6.257871111
Bi-In-Sn,Bi0.741In0.016Sn0.243,6.252120556
Bi-Sn-Sb,Bi0.858Sn0.117Sb0.025,6.246268056
Sn-Cu,Sn0.831Cu0.169,6.239181111
In-Sn-Sb,In0.699Sn0.241Sb0.060,6.238569722
In-Sn-Zn,In0.563Sn0.280Zn0.157,6.230184889
Bi-In-Sn,Bi0.114In0.433Sn0.453,6.228903611
Bi-Sn,Bi0.982Sn0.018,6.227303056
Bi-In-Sn,Bi0.097In0.417Sn0.486,6.220656944
Bi,Bi1.000,6.205
Bi-In-Sn,Bi0.223In0.477Sn0.300,6.203954444
In-Sn-Zn,In0.408Sn0.578Zn0.014,6.198207778
In-Sn-Zn,In0.402Sn0.558Zn0.040,6.195761111
Bi-In-Sn,Bi0.045In0.723Sn0.232,6.191674167
In-Sn-Cu,In0.369Sn0.549Cu0.082,6.174804444
In-Sn-Zn,In0.416Sn0.468Zn0.116,6.171674889
Bi-Ag,Bi0.994Ag0.006,6.169266667
Bi-In,Bi0.983In0.017,6.169108611
Bi-In,Bi0.981In0.019,6.161455833
Ga-Bi,Ga0.246Bi0.754,6.157688654
Sn-Cu,Sn0.912Cu0.088,6.156143284
Sn-Sb-Cu,Sn0.817Sb0.042Cu0.141,6.153365556
Ga-Bi,Ga0.172Bi0.828,6.144393419
Bi-In,Bi0.865In0.135,6.139921389
Bi-In,Bi0.848In0.152,6.139524167
Ga-Bi,Ga0.136Bi0.864,6.135163291
Ga-Bi-In,Ga0.176Bi0.770In0.054,6.133643483
Ga-Bi,Ga0.192Bi0.808,6.109055214
Ga-Bi,Ga0.121Bi0.879,6.102578013
Ga-Bi,Ga0.033Bi0.967,6.09344047
In-Sn-Cu,In0.242Sn0.668Cu0.090,6.087387222
In-Sn-Zn,In0.563Sn0.263Zn0.174,6.068462111
Bi-In,Bi0.892In0.108,6.068340833
Bi-Sn,Bi0.398Sn0.602,6.063715556
In-Sn-Cu,In0.546Sn0.350Cu0.104,6.060875
Ga-Bi,Ga0.111Bi0.889,6.055429402
Sn-Cu,Sn0.915Cu0.085,6.052324755
Bi-In,Bi0.908In0.092,6.047191111
Bi-Sn,Bi0.389Sn0.611,6.045834444
Bi-In,Bi0.904In0.096,6.039732778
In-Sn-Cu,In0.387Sn0.456Cu0.157,6.031455556
Bi-Sn,Bi0.387Sn0.613,6.031178889
Bi-In-Ag,Bi0.971In0.007Ag0.022,6.030015278
Ga-Bi,Ga0.069Bi0.931,6.016013654
In-Sn-Cu,In0.515Sn0.345Cu0.140,6.007433333
In-Sn-Cu,In0.151Sn0.678Cu0.171,6.007121111
Sn-Cu,Sn0.916Cu0.084,6.006538366
Bi-In,Bi0.764In0.236,5.962960833
Bi-Cu,Bi0.979Cu0.021,5.958655556
Sn-Cu,Sn0.767Cu0.233,5.954758611
In-Sn-Sb,In0.367Sn0.628Sb0.005,5.941443333
Bi-In-Cu,Bi0.826In0.151Cu0.023,5.931751944
Ga-Bi-Sn,Ga0.437Bi0.373Sn0.190,5.928913376
Bi-In,Bi0.760In0.240,5.928903056
Ga-Bi-Zn,Ga0.057Bi0.883Zn0.060,5.928850321
Bi-Sn-Cu,Bi0.148Sn0.698Cu0.154,5.925965
Ga-Bi-Sn,Ga0.429Bi0.378Sn0.193,5.922445812
Bi-Sn-Cu,Bi0.142Sn0.696Cu0.162,5.921525
Bi-Sn-Zn,Bi0.701Sn0.259Zn0.040,5.920865556
In-Sn-Sb,In0.597Sn0.204Sb0.199,5.914720833
Sn-Cu,Sn0.761Cu0.239,5.9136975
Bi-Sn-Ag,Bi0.707Sn0.173Ag0.120,5.909529444
Ga-Bi,Ga0.300Bi0.700,5.903780299
Ga-Bi,Ga0.303Bi0.697,5.900080299
Ga-Sb,Ga0.803Sb0.197,5.894959338
Ga-Sn,Ga0.864Sn0.136,5.884301026
In-Sn-Zn,In0.349Sn0.547Zn0.104,5.882800722
Bi-Zn,Bi0.943Zn0.057,5.8746125
Bi-In,Bi0.724In0.276,5.870640833
Ga-Sb,Ga0.814Sb0.186,5.854740534
Bi-Sn-Ag,Bi0.364Sn0.608Ag0.028,5.853023889
Bi-In-Zn,Bi0.723In0.265Zn0.012,5.836411389
Ga-Sb,Ga0.826Sb0.174,5.823835684
In-Sn-Cu,In0.628Sn0.229Cu0.143,5.8147875
In-Sn-Cu,In0.150Sn0.626Cu0.224,5.809951667
Ga-Sn-Cu,Ga0.139Sn0.717Cu0.144,5.809575748
Ga-Sn-Cu,Ga0.059Sn0.750Cu0.191,5.806350064
Ga-Bi-Sb,Ga0.087Bi0.893Sb0.020,5.79276844
Ga-Sn,Ga0.894Sn0.106,5.792362906
Ga-Sn,Ga0.895Sn0.105,5.789762906
Ga-Bi-Sn,Ga0.199Bi0.223Sn0.578,5.784322393
Ga-Bi-Sn,Ga0.381Bi0.375Sn0.244,5.773697778
Ga-Sn,Ga0.797Sn0.203,5.769465833
Ga-Bi-In,Ga0.229Bi0.240In0.531,5.765158462
Ga-Sn-Sb,Ga0.793Sn0.202Sb0.005,5.759448141
Ga-Bi-Sn,Ga0.355Bi0.365Sn0.280,5.757908333
Ga-Bi-In,Ga0.019Bi0.634In0.347,5.751457073
Ga-Sn-Cu,Ga0.219Sn0.663Cu0.118,5.750541282
In-Sn-Cu,In0.578Sn0.247Cu0.175,5.737778333
Bi-Cu,Bi0.965Cu0.035,5.736955556
Sn-Sb-Cu,Sn0.721Sb0.080Cu0.199,5.733043611
Ga-Bi-Sn,Ga0.358Bi0.369Sn0.273,5.729449444
Ga-Bi-Sn,Ga0.247Bi0.184Sn0.569,5.72313938
Ga-Bi-In,Ga0.222Bi0.332In0.446,5.718161325
Ga-Bi-In,Ga0.278Bi0.122In0.600,5.716822607
Ga-Bi-Ag,Ga0.372Bi0.612Ag0.016,5.713748953
Bi-Zn,Bi0.917Zn0.083,5.7121325
Bi-Sn-Zn,Bi0.868Sn0.026Zn0.106,5.709989722
Ga-Bi-Sn,Ga0.347Bi0.413Sn0.240,5.709483547
Ga-Sn,Ga0.918Sn0.082,5.709054316
Sn-Cu,Sn0.681Cu0.319,5.707522222
Sn-Cu,Sn0.938Cu0.062,5.701319085
Bi-Ag,Bi0.933Ag0.067,5.6943375
Bi-Zn,Bi0.914Zn0.086,5.692154722
Sn-Sb-Cu,Sn0.705Sb0.124Cu0.171,5.691780556
Ga-Zn,Ga0.929Zn0.071,5.690477329
Ga-Zn,Ga0.826Zn0.174,5.690418949
Ga-Sn,Ga0.921Sn0.079,5.689669167
In-Sn-Sb,In0.393Sn0.419Sb0.188,5.689451667
Ga-Bi-In,Ga0.173Bi0.234In0.593,5.688930299
In-Sn-Sb,In0.329Sn0.595Sb0.076,5.686100833
Ga-Sb,Ga0.871Sb0.129,5.681121731
Bi-Sn-Cu,Bi0.094Sn0.657Cu0.249,5.677243889
Bi-In-Zn,Bi0.637In0.334Zn0.029,5.676879167
Ga-Bi-In,Ga0.305Bi0.388In0.307,5.676647201
Ga-Bi-In,Ga0.182Bi0.407In0.411,5.671777308
Bi-Ag,Bi0.926Ag0.074,5.670443056
Sn-Cu,Sn0.939Cu0.061,5.668574722
Ga-Bi-In,Ga0.330Bi0.330In0.340,5.667456774
Ga-Bi-Sn,Ga0.349Bi0.346Sn0.305,5.656477009
Ga-Zn,Ga0.904Zn0.096,5.65522156
Bi-Ag,Bi0.921Ag0.079,5.647920833
Ga-Sn-Cu,Ga0.806Sn0.136Cu0.058,5.647316389
Sn-Ag-Cu,Sn0.700Ag0.064Cu0.236,5.645376944
Ga-Bi-In,Ga0.218Bi0.301In0.481,5.643299786
In-Sn-Ag,In0.337Sn0.559Ag0.104,5.636126944
Bi-In-Zn,Bi0.639In0.309Zn0.052,5.6291475
Bi-In-Cu,Bi0.956In0.005Cu0.039,5.625682222
Bi-In-Cu,Bi0.667In0.318Cu0.015,5.625534444
Ga-Bi-Sn,Ga0.380Bi0.447Sn0.173,5.601421709
Ga-Bi-Zn,Ga0.137Bi0.742Zn0.121,5.587065171
Ga-Sn,Ga0.942Sn0.058,5.571245406
Ga-Bi-Zn,Ga0.179Bi0.691Zn0.130,5.570663205
Bi-Ag,Bi0.913Ag0.087,5.564929167
Ga-Sn-Sb,Ga0.907Sn0.017Sb0.076,5.558887393
Ga-Bi-Zn,Ga0.053Bi0.814Zn0.133,5.554545876
Ga-Bi-Zn,Ga0.190Bi0.623Zn0.187,5.546299252
Bi-Ag,Bi0.909Ag0.091,5.527040278
Bi-Cu,Bi0.956Cu0.044,5.523270833
Ga-In,Ga0.859In0.141,5.502929658
Bi-In-Sb,Bi0.690In0.282Sb0.028,5.498693611
In-Sn-Ag,In0.464Sn0.376Ag0.160,5.497104722
Ga-Bi-Ag,Ga0.199Bi0.699Ag0.102,5.496409786
Ga-Sn,Ga0.966Sn0.034,5.495651923
Ga-Bi-Cu,Ga0.325Bi0.656Cu0.019,5.495274188
Ga-Sb,Ga0.925Sb0.075,5.492173205
Bi-Ag,Bi0.901Ag0.099,5.458259722
Bi-In-Cu,Bi0.812In0.132Cu0.056,5.443828333
Ga-Zn,Ga0.972Zn0.028,5.435683419
Ga-Sb,Ga0.945Sb0.055,5.434007564
Ga-Bi-Cu,Ga0.087Bi0.863Cu0.050,5.433219209
Ga-Zn,Ga0.775Zn0.225,5.421194111
In-Sn-Sb,In0.293Sn0.595Sb0.112,5.415076944
Ga-Sn,Ga0.975Sn0.025,5.400327137
Ga-Zn,Ga0.974Zn0.026,5.39893265
Bi-Sn-Zn,Bi0.647Sn0.169Zn0.184,5.394546667
Ga-In,Ga0.937In0.063,5.380690043
Ga-In-Zn,Ga0.415In0.404Zn0.181,5.375785893
Sn-Zn-Cu,Sn0.563Zn0.099Cu0.338,5.375094444
Ga-Sb,Ga0.968Sb0.032,5.368816282
Ga-Sb,Ga0.961Sb0.039,5.364505171
Ga-Bi-Sb,Ga0.273Bi0.607Sb0.120,5.364395427
Ga-In-Zn,Ga0.389In0.590Zn0.021,5.363912999
Ga-Sb,Ga0.967Sb0.033,5.359874487
Ga-Sn-Cu,Ga0.414Sn0.510Cu0.076,5.358358098
Bi-Sn-Sb,Bi0.603Sn0.233Sb0.164,5.338616667
Ga-Bi-Sb,Ga0.210Bi0.679Sb0.111,5.335600641
Ga-Sn,Ga0.990Sn0.010,5.333997927
Ga-In-Zn,Ga0.749In0.092Zn0.159,5.316546278
Ga-In-Zn,Ga0.380In0.408Zn0.212,5.31281935
Ga-In,Ga0.399In0.601,5.309016182
Ga-In-Sb,Ga0.254In0.725Sb0.021,5.308508533
Bi-Zn-Sb,Bi0.932Zn0.014Sb0.054,5.301849722
Sn-Zn-Cu,Sn0.570Zn0.065Cu0.365,5.299082778
Ga-In-Zn,Ga0.402In0.377Zn0.221,5.285293303
Ga-In-Zn,Ga0.412In0.496Zn0.092,5.283468162
Ga-In-Zn,Ga0.246In0.536Zn0.218,5.283293303
Ga-In-Ag,Ga0.894In0.058Ag0.048,5.282888996
Bi-Sn-Cu,Bi0.021Sn0.617Cu0.362,5.280940278
Ga-In,Ga0.243In0.757,5.280330477
Ga-In,Ga0.246In0.754,5.274338811
In-Sn-Ag,In0.394Sn0.437Ag0.169,5.266536389
In-Sn-Ag,In0.286Sn0.674Ag0.040,5.252647778
Ga-In,Ga0.387In0.613,5.25260646
Ga-Bi-Zn,Ga0.743Bi0.082Zn0.175,5.248537944
Ga-In-Zn,Ga0.252In0.404Zn0.344,5.247033662
Ga-In-Ag,Ga0.342In0.581Ag0.077,5.240396823
Ga-In-Ag,Ga0.414In0.488Ag0.098,5.23751891
Ga-Zn-Sb,Ga0.730Zn0.095Sb0.175,5.230410214
Bi-Sn-Zn,Bi0.611Sn0.165Zn0.224,5.228055556
Ga-Sb,Ga0.999Sb0.001,5.226020769
Ga,Ga1.000,5.224769231
Bi-Ag,Bi0.856Ag0.144,5.214554167
Ga-In-Ag,Ga0.395In0.547Ag0.058,5.210742821
Bi-Cu,Bi0.918Cu0.082,5.210741667
Bi-Ag-Sb,Bi0.854Ag0.125Sb0.021,5.206761389
Ga-In-Zn,Ga0.288In0.374Zn0.338,5.195380521
Ga-In,Ga0.428In0.572,5.193265114
Ga-In,Ga0.380In0.620,5.189423896
Ga-In,Ga0.380In0.620,5.189423896
Sn-Zn-Cu,Sn0.549Zn0.204Cu0.247,5.186917111
Bi-Sn-Sb,Bi0.890Sn0.007Sb0.103,5.183750833
Bi-Cu,Bi0.909Cu0.091,5.171708333
Ga-Zn,Ga0.747Zn0.253,5.171067658
Ga-In-Zn,Ga0.344In0.391Zn0.265,5.163934667
Bi-Sn-Sb,Bi0.131Sn0.811Sb0.058,5.160802778
Sn-Zn-Cu,Sn0.540Zn0.180Cu0.280,5.154533778
Sn-Ag-Cu,Sn0.631Ag0.168Cu0.201,5.14745
Ga-Sn-Zn,Ga0.710Sn0.173Zn0.117,5.146334782
Bi-In-Ag,Bi0.580In0.351Ag0.069,5.144305833
Ga-In,Ga0.762In0.238,5.14415438
Bi-Sn-Sb,Bi0.289Sn0.548Sb0.163,5.144081389
Bi-Sb,Bi0.936Sb0.064,5.132743056
Ga-Ag,Ga0.917Ag0.083,5.130611197
Ga-In-Ag,Ga0.281In0.530Ag0.189,5.129997051
Bi-Ag-Sb,Bi0.880Ag0.060Sb0.060,5.128421389
Ga-Bi-Zn,Ga0.074Bi0.735Zn0.191,5.122604701
Ga-In-Sb,Ga0.193In0.603Sb0.204,5.117427593
Sn-Ag-Cu,Sn0.627Ag0.203Cu0.170,5.11351
Bi-Sb,Bi0.898Sb0.102,5.113326389
Ga-Bi-Zn,Ga0.371Bi0.363Zn0.266,5.104235577
Ga-Ag,Ga0.878Ag0.122,5.102073697
Bi-Sn-Cu,Bi0.344Sn0.486Cu0.170,5.101962222
Ga-Sn-Cu,Ga0.347Sn0.473Cu0.180,5.099491389
Bi-Ag-Sb,Bi0.854Ag0.024Sb0.122,5.097559722
Bi-Sb,Bi0.865Sb0.135,5.092418056
Ga-In-Ag,Ga0.451In0.438Ag0.111,5.086993974
Sn-Ag-Cu,Sn0.627Ag0.213Cu0.160,5.085771111
Ga-Sn-Cu,Ga0.408Sn0.447Cu0.145,5.084726517
Bi-Sn-Cu,Bi0.311Sn0.489Cu0.200,5.079663333
Bi-In-Sb,Bi0.679In0.260Sb0.061,5.07751
Ga-In-Sb,Ga0.449In0.519Sb0.032,5.076649808
Ga-Bi-Zn,Ga0.310Bi0.407Zn0.283,5.076214124
Bi-Cu,Bi0.882Cu0.118,5.071138889
Bi-Cu,Bi0.882Cu0.118,5.071138889
Sn-Sb-Cu,Sn0.598Sb0.005Cu0.397,5.070742778
Ga-Sn-Cu,Ga0.168Sn0.532Cu0.300,5.06749109
Bi-In-Sb,Bi0.781In0.102Sb0.117,5.065243611
Ga-In-Ag,Ga0.463In0.477Ag0.060,5.064174103
Ga-Bi-Zn,Ga0.005Bi0.780Zn0.215,5.060205833
Sn-Sb-Cu,Sn0.589Sb0.258Cu0.153,5.056190833
Bi-In-Zn,Bi0.108In0.859Zn0.033,5.0559175
Ga-In-Sb,Ga0.343In0.538Sb0.119,5.043659722
Ga-Zn-Sb,Ga0.701Zn0.227Sb0.072,5.042334004
Ga-In-Ag,Ga0.477In0.424Ag0.099,5.042217842
Bi-Sn-Cu,Bi0.367Sn0.484Cu0.149,5.036278333
Ga-In-Cu,Ga0.223In0.770Cu0.007,5.027717785
Ga-Sn-Cu,Ga0.251Sn0.481Cu0.268,5.026250919
Ga-Sn-Zn,Ga0.402Sn0.558Zn0.040,5.024992137
Bi-Sn-Sb,Bi0.344Sn0.516Sb0.140,5.0219675
Bi-Cu,Bi0.868Cu0.132,5.015355
Bi-Sn-Cu,Bi0.225Sn0.493Cu0.282,5.013093333
Bi-Sb,Bi0.823Sb0.177,5.006422222
Bi-Sb,Bi0.824Sb0.176,5.006422222
Bi-Sn-Cu,Bi0.182Sn0.495Cu0.323,5.004473889
Ga-In-Cu,Ga0.474In0.462Cu0.064,5.00222609
Ga-Bi-Ag,Ga0.398Bi0.341Ag0.261,5.00199812
Ga-In-Ag,Ga0.410In0.383Ag0.207,4.993240662
Ga-Cu,Ga0.938Cu0.062,4.992880491
Bi-Sn-Cu,Bi0.048Sn0.559Cu0.393,4.9923025
Ga-Bi-Ag,Ga0.301Bi0.413Ag0.286,4.989871261
Sn-Zn-Cu,Sn0.505Zn0.144Cu0.351,4.989310444
Ga-Ag,Ga0.851Ag0.149,4.987949658
Ga-Bi-Ag,Ga0.440Bi0.397Ag0.163,4.982480684
In-Sn-Ag,In0.279Sn0.544Ag0.177,4.981382222
Ga-Cu,Ga0.937Cu0.063,4.980582927
Bi-In-Sb,Bi0.518In0.481Sb0.001,4.978046667
Ga-In-Cu,Ga0.400In0.570Cu0.030,4.977841417
Ga-Bi-Cu,Ga0.260Bi0.614Cu0.126,4.977058932
Ga-Sn-Cu,Ga0.239Sn0.473Cu0.288,4.97282391
Ga-In-Ag,Ga0.237In0.488Ag0.275,4.970974637
Ga-Bi-Ag,Ga0.079Bi0.764Ag0.157,4.969175598
Bi-Sn-Ag,Bi0.408Sn0.522Ag0.070,4.967826111
Sn-Ag-Cu,Sn0.572Ag0.135Cu0.293,4.967104444
Bi-Zn,Bi0.768Zn0.232,4.964378056
Bi-In-Zn,Bi0.537In0.445Zn0.018,4.956620556
Ga-Sn-Ag,Ga0.298Sn0.649Ag0.053,4.955948333
Ga-In-Cu,Ga0.212In0.785Cu0.003,4.952903369
Ga-Bi-Ag,Ga0.370Bi0.438Ag0.192,4.949832222
Ga-Sn-Sb,Ga0.406Sn0.549Sb0.045,4.948252543
Bi-In-Zn,Bi0.407In0.551Zn0.042,4.947741667
Ga-Sn-Ag,Ga0.672Sn0.297Ag0.031,4.947581987
Bi-Cu,Bi0.838Cu0.162,4.946720278
Ga-Sb-Cu,Ga0.869Sb0.089Cu0.042,4.942728504
Ga-Zn,Ga0.727Zn0.273,4.939402803
Ga-Bi-Ag,Ga0.458Bi0.454Ag0.088,4.93846109
Bi-In-Ag,Bi0.193In0.759Ag0.048,4.938417778
Bi-In-Ag,Bi0.464In0.480Ag0.056,4.935358333
Bi-In-Sb,Bi0.607In0.252Sb0.141,4.933671944
Bi-In-Ag,Bi0.154In0.789Ag0.057,4.931709722
Bi-In-Sb,Bi0.375In0.563Sb0.062,4.929678333
Ga-In-Sb,Ga0.486In0.453Sb0.061,4.925125171
Ga-In-Sb,Ga0.511In0.459Sb0.030,4.919094701
Ga-Sn-Zn,Ga0.704Sn0.032Zn0.264,4.914962915
Bi-In-Sb,Bi0.221In0.725Sb0.054,4.911355
Ga-Sn-Sb,Ga0.377Sn0.492Sb0.131,4.910911966
Ga-In-Sb,Ga0.703In0.231Sb0.066,4.909210427
Ga-Sn-Ag,Ga0.297Sn0.652Ag0.051,4.907994167
Bi-In-Ag,Bi0.461In0.490Ag0.049,4.906345833
Ga-Sn-Zn,Ga0.357Sn0.515Zn0.128,4.904241748
Ga-Sn-Zn,Ga0.218Sn0.598Zn0.184,4.901609846
Bi-Zn-Cu,Bi0.804Zn0.038Cu0.158,4.901433333
Ga-Bi-Sb,Ga0.109Bi0.726Sb0.165,4.895595748
Ga-Bi-Ag,Ga0.474Bi0.465Ag0.061,4.894977201
Bi-Zn-Ag,Bi0.780Zn0.039Ag0.181,4.891605833
Ga-Bi-Ag,Ga0.245Bi0.402Ag0.353,4.890410962
Ga-Sn-Zn,Ga0.434Sn0.199Zn0.367,4.890386808
Sn-Ag-Cu,Sn0.555Ag0.147Cu0.298,4.890358889
Bi-Ag,Bi0.796Ag0.204,4.889565278
Bi-Sn-Ag,Bi0.241Sn0.569Ag0.190,4.889096111
Bi-In-Ag,Bi0.316In0.681Ag0.003,4.881545
Ga-In-Cu,Ga0.472In0.505Cu0.023,4.866887457
Ga-In-Sb,Ga0.682In0.186Sb0.132,4.862266368
In-Sn-Ag,In0.378Sn0.395Ag0.227,4.861950833
Ga-Sn-Ag,Ga0.481Sn0.514Ag0.005,4.856327585
Bi-In-Sb,Bi0.277In0.685Sb0.038,4.852649444
Ga-Ag,Ga0.842Ag0.158,4.840424658
Ga-Sn-Zn,Ga0.464Sn0.196Zn0.340,4.839346936
Ga-Sn-Sb,Ga0.434Sn0.465Sb0.101,4.838558739
Ga-Sn-Ag,Ga0.571Sn0.406Ag0.023,4.831955897
Ga-In-Sb,Ga0.674In0.188Sb0.138,4.827717009
Ga-Sn-Zn,Ga0.592Sn0.136Zn0.272,4.827510222
Ga-Zn,Ga0.717Zn0.283,4.826800474
Ga-Sn-Sb,Ga0.569Sn0.395Sb0.036,4.82535812
Bi-In-Sb,Bi0.707In0.113Sb0.180,4.822053889
Bi-In-Sb,Bi0.228In0.678Sb0.094,4.818983611
Ga-In-Cu,Ga0.512In0.469Cu0.019,4.818620064
Ga-Bi-Sb,Ga0.570Bi0.409Sb0.021,4.816590107
Ga-Ag,Ga0.836Ag0.164,4.815266624
Ga-Zn-Cu,Ga0.841Zn0.085Cu0.074,4.812355085
Bi-Ag-Sb,Bi0.786Ag0.196Sb0.018,4.807583611
Bi-In-Zn,Bi0.372In0.548Zn0.080,4.806550556
Ga-Sn-Sb,Ga0.501Sn0.428Sb0.071,4.805131346
Ga-Sn-Sb,Ga0.633Sn0.153Sb0.214,4.804656944
Ga-Bi-Sb,Ga0.480Bi0.444Sb0.076,4.802076987
Ga-Bi-Sb,Ga0.404Bi0.405Sb0.191,4.801052073
Ga-Sn-Zn,Ga0.422Sn0.376Zn0.202,4.800032282
Ga-In-Sb,Ga0.136In0.726Sb0.138,4.798437999
Ga-Bi-Cu,Ga0.257Bi0.586Cu0.157,4.793590043
Ga-Sn-Zn,Ga0.521Sn0.322Zn0.157,4.784501769
Ga-Sn-Sb,Ga0.429Sn0.442Sb0.129,4.783170427
Bi-Zn-Cu,Bi0.801Zn0.094Cu0.105,4.780068056
Sn-Zn-Cu,Sn0.540Zn0.345Cu0.115,4.778459056
Ga-Sn-Ag,Ga0.599Sn0.350Ag0.051,4.770091432
Bi-Sn-Sb,Bi0.379Sn0.476Sb0.145,4.767559444
Bi-Sn-Sb,Bi0.394Sn0.427Sb0.179,4.764518333
Ga-Sn-Ag,Ga0.456Sn0.418Ag0.126,4.764339829
Ga-Bi-Sb,Ga0.497Bi0.358Sb0.145,4.756102158
Bi-In-Zn,Bi0.261In0.690Zn0.049,4.752598333
In-Sn-Ag,In0.390Sn0.367Ag0.243,4.749916944
Ga-Sn-Sb,Ga0.188Sn0.565Sb0.247,4.741556389
Ga-Bi-Sb,Ga0.103Bi0.701Sb0.196,4.737770064
Ga-Bi-Sb,Ga0.460Bi0.514Sb0.026,4.716327479
Ga-In-Cu,Ga0.434In0.482Cu0.084,4.708971517
Ga-Zn,Ga0.684Zn0.316,4.704850859
Bi-Zn,Bi0.746Zn0.254,4.703373889
Bi-Zn,Bi0.746Zn0.254,4.703373889
Bi-Sn-Zn,Bi0.384Sn0.506Zn0.110,4.700891111
Ga-Zn-Ag,Ga0.419Zn0.339Ag0.242,4.693504145
Ga-Sn-Ag,Ga0.402Sn0.412Ag0.186,4.690419295
Bi-Sb,Bi0.774Sb0.226,4.687244444
Ga-Sn-Ag,Ga0.565Sn0.362Ag0.073,4.68608688
Bi-In-Ag,Bi0.230In0.644Ag0.126,4.677434722
Bi-Ag-Sb,Bi0.753Ag0.033Sb0.214,4.674057222
Bi-In-Ag,Bi0.493In0.426Ag0.081,4.672104167
Ga-Zn-Ag,Ga0.442Zn0.332Ag0.226,4.670524209
Bi-In-Zn,Bi0.087In0.789Zn0.124,4.670459722
Ga-Zn-Ag,Ga0.428Zn0.477Ag0.095,4.669705705
Bi-In-Ag,Bi0.183In0.683Ag0.134,4.664585
Sn-Zn-Cu,Sn0.464Zn0.092Cu0.444,4.663701667
Bi-Zn-Cu,Bi0.710Zn0.227Cu0.063,4.662940833
Ga-Sn-Ag,Ga0.219Sn0.551Ag0.230,4.652333013
Bi-Sn-Sb,Bi0.329Sn0.398Sb0.273,4.647497778
Ga-Ag,Ga0.769Ag0.231,4.644838205
Ga-Zn-Ag,Ga0.661Zn0.330Ag0.009,4.642257564
Ga-Zn-Ag,Ga0.457Zn0.318Ag0.225,4.642089765
Bi-Sn-Zn,Bi0.090Sn0.667Zn0.243,4.636247389
Ga-Zn-Ag,Ga0.713Zn0.065Ag0.222,4.630045833
Bi-Zn,Bi0.741Zn0.259,4.618578889
Ga-Zn-Ag,Ga0.390Zn0.461Ag0.149,4.598157329
Ga-Zn-Ag,Ga0.580Zn0.275Ag0.145,4.596879338
Ga-Ag,Ga0.761Ag0.239,4.593587051
Bi-Sn-Sb,Bi0.411Sn0.207Sb0.382,4.592922778
Bi-Sn-Zn,Bi0.397Sn0.349Zn0.254,4.592812222
Bi-Zn,Bi0.735Zn0.265,4.590748333
Bi-In-Zn,Bi0.074In0.778Zn0.148,4.589248611
In-Ag,In0.885Ag0.115,4.588625
Ga-Zn-Ag,Ga0.384Zn0.468Ag0.148,4.588473996
Bi-Sn-Ag,Bi0.680Sn0.022Ag0.298,4.585126944
Bi-Sn-Zn,Bi0.414Sn0.408Zn0.178,4.581863889
Ga-Bi-Cu,Ga0.518Bi0.435Cu0.047,4.573092735
Bi-Cu,Bi0.768Cu0.232,4.569741667
Ga-Zn-Ag,Ga0.484Zn0.317Ag0.199,4.569119338
Sn-Ag-Cu,Sn0.496Ag0.076Cu0.428,4.554737222
Sn-Ag-Cu,Sn0.532Ag0.287Cu0.181,4.553887222
Ga-Zn-Sb,Ga0.607Zn0.368Sb0.025,4.552566927
Ga-Ag,Ga0.755Ag0.245,4.54994812
Ga-In-Cu,Ga0.185In0.679Cu0.136,4.536352863
Bi-Ag,Bi0.758Ag0.242,4.531876111
Ga-Zn-Sb,Ga0.498Zn0.470Sb0.032,4.529835453
Bi-In-Cu,Bi0.463In0.460Cu0.077,4.529788333
In-Zn-Ag,In0.890Zn0.021Ag0.089,4.528263426
Bi-Sb,Bi0.749Sb0.251,4.525906667
Sn-Sb-Cu,Sn0.497Sb0.171Cu0.332,4.52067
Bi-Sn-Zn,Bi0.381Sn0.336Zn0.283,4.515625556
Bi-Zn-Sb,Bi0.739Zn0.024Sb0.237,4.515130556
Ga-In-Cu,Ga0.308In0.454Cu0.238,4.508548932
Bi-Sn-Zn,Bi0.425Sn0.353Zn0.222,4.507719444
Ga-Ag-Sb,Ga0.678Ag0.131Sb0.191,4.504606774
Ga-Zn-Sb,Ga0.500Zn0.435Sb0.065,4.496115688
Ga-Zn-Sb,Ga0.484Zn0.405Sb0.111,4.48602035
Bi-In-Cu,Bi0.458In0.451Cu0.091,4.472770278
Ga-In-Cu,Ga0.382In0.430Cu0.188,4.471958974
Ga-Zn-Cu,Ga0.819Zn0.063Cu0.118,4.463482115
Bi-Sn-Ag,Bi0.136Sn0.581Ag0.283,4.462678889
In-Ag-Cu,In0.871Ag0.108Cu0.021,4.456331481
Ga-Bi-Cu,Ga0.463Bi0.422Cu0.115,4.455311752
Ga-Ag,Ga0.741Ag0.259,4.455083419
Ga-Zn-Sb,Ga0.455Zn0.358Sb0.187,4.449591397
Bi-In-Cu,Bi0.421In0.421Cu0.158,4.446195833
Sn-Sb-Cu,Sn0.486Sb0.180Cu0.334,4.442907778
In-Ag-Sb,In0.733Ag0.091Sb0.176,4.421920926
Bi-In-Cu,Bi0.515In0.410Cu0.075,4.401253889
Bi-In-Cu,Bi0.373In0.463Cu0.164,4.395375278
Sn-Sb-Cu,Sn0.470Sb0.302Cu0.228,4.392323889
Bi-In-Cu,Bi0.480In0.422Cu0.098,4.392131389
Sn-Sb-Cu,Sn0.500Sb0.131Cu0.369,4.387136111
Bi-Zn-Sb,Bi0.741Zn0.171Sb0.088,4.385671389
Ga-Bi-Cu,Ga0.320Bi0.550Cu0.130,4.383112671
Ga-Ag,Ga0.737Ag0.263,4.382691132
Sn-Zn-Cu,Sn0.467Zn0.415Cu0.118,4.375102111
Ga-Bi-Cu,Ga0.108Bi0.615Cu0.277,4.362922115
Ga-Zn-Sb,Ga0.372Zn0.404Sb0.224,4.352276889
Sn-Sb-Cu,Sn0.470Sb0.282Cu0.248,4.348945556
Ga-Bi-Cu,Ga0.477Bi0.357Cu0.166,4.348919167
In-Zn-Ag,In0.753Zn0.136Ag0.111,4.338473704
Sn-Zn-Cu,Sn0.467Zn0.362Cu0.171,4.337118778
Bi-Sn-Ag,Bi0.082Sn0.746Ag0.172,4.31668
Sn-Zn-Cu,Sn0.726Zn0.247Cu0.027,4.314181833
Ga-Bi-Cu,Ga0.872Bi0.010Cu0.118,4.313159231
Bi-Sn-Ag,Bi0.448Sn0.528Ag0.024,4.298151667
Bi-Zn,Bi0.706Zn0.294,4.287005556
Sn-Ag-Cu,Sn0.464Ag0.154Cu0.382,4.283235
Bi-Sn-Ag,Bi0.370Sn0.415Ag0.215,4.281815556
Bi-Zn-Ag,Bi0.651Zn0.277Ag0.072,4.265234722
In-Sb,In0.758Sb0.242,4.263339259
In-Sb,In0.733Sb0.267,4.259548148
Bi-Sb,Bi0.715Sb0.285,4.255048333
In-Zn-Ag,In0.764Zn0.138Ag0.098,4.24937037
Bi-Zn-Cu,Bi0.667Zn0.237Cu0.096,4.238432222
In-Sb,In0.764Sb0.236,4.23426787
In-Sb,In0.766Sb0.234,4.231370648
Bi-Sn-Ag,Bi0.406Sn0.300Ag0.294,4.214382222
In-Sb,In0.772Sb0.228,4.20944463
In-Sb,In0.704Sb0.296,4.201831481
Ga-Zn-Sb,Ga0.353Zn0.537Sb0.110,4.195901735
In-Ag,In0.919Ag0.081,4.195334722
Bi-Zn,Bi0.675Zn0.325,4.190683056
Bi-Ag-Cu,Bi0.660Ag0.025Cu0.315,4.189216944
In-Ag,In0.920Ag0.080,4.187608056
Bi-Ag-Sb,Bi0.620Ag0.201Sb0.179,4.183328611
Ga-Zn-Sb,Ga0.367Zn0.395Sb0.238,4.166478556
Bi-Sb,Bi0.701Sb0.299,4.162266111
In-Sb,In0.810Sb0.190,4.157252315
Ga-Zn-Cu,Ga0.368Zn0.413Cu0.219,4.150816021
In-Sb,In0.863Sb0.137,4.148902963
Bi-Sb,Bi0.698Sb0.302,4.146802222
Ga-Zn-Cu,Ga0.363Zn0.440Cu0.197,4.132534697
In-Sb,In0.688Sb0.312,4.127910648
In-Sb,In0.886Sb0.114,4.127331389
In-Ag,In0.926Ag0.074,4.110456389
Bi-Ag-Cu,Bi0.650Ag0.094Cu0.256,4.104073333
Ga-Sb-Cu,Ga0.812Sb0.008Cu0.180,4.085551944
In-Ag-Cu,In0.757Ag0.107Cu0.136,4.082609444
In-Zn-Sb,In0.535Zn0.243Sb0.222,4.069679667
Ga-Zn-Cu,Ga0.252Zn0.494Cu0.254,4.065799803
Ga-Zn-Cu,Ga0.454Zn0.404Cu0.142,4.064693111
Ga-Zn-Cu,Ga0.477Zn0.298Cu0.225,4.058736962
Ga-Zn-Cu,Ga0.451Zn0.388Cu0.161,4.058653111
Sn,Sn1.000,4.052470588
Ga-Zn-Cu,Ga0.378Zn0.470Cu0.152,4.050528752
Bi-Sb-Cu,Bi0.601Sb0.338Cu0.061,4.036659444
Sn-Zn-Sb,Sn0.582Zn0.258Sb0.160,4.034352667
Ga-Zn-Cu,Ga0.506Zn0.231Cu0.263,4.031917859
Sn-Zn-Sb,Sn0.576Zn0.170Sb0.254,4.018430167
In-Zn-Sb,In0.550Zn0.156Sb0.294,4.018338222
In-Zn-Sb,In0.474Zn0.204Sb0.322,4.013397833
Sn-Zn-Sb,Sn0.636Zn0.279Sb0.085,4.0103835
In-Cu,In0.941Cu0.059,3.999907315
Sn-Zn-Sb,Sn0.674Zn0.038Sb0.288,3.995013333
Bi-Ag-Cu,Bi0.608Ag0.065Cu0.327,3.993100278
Bi-Ag-Sb,Bi0.641Ag0.306Sb0.053,3.985125556
In-Sb-Cu,In0.678Sb0.231Cu0.091,3.962416111
Bi-Ag-Cu,Bi0.611Ag0.157Cu0.232,3.961391389
In-Ag-Sb,In0.570Ag0.024Sb0.406,3.950509259
In-Ag,In0.781Ag0.219,3.9419275
In-Ag-Cu,In0.715Ag0.069Cu0.216,3.937471944
In-Ag,In0.770Ag0.230,3.9361275
In-Ag,In0.768Ag0.232,3.9356775
Bi-Zn-Sb,Bi0.590Zn0.081Sb0.329,3.933613333
In-Zn-Sb,In0.862Zn0.117Sb0.021,3.933165741
Bi-Zn-Ag,Bi0.593Zn0.236Ag0.171,3.932630556
In-Zn,In0.874Zn0.126,3.931377778
In-Zn,In0.899Zn0.101,3.928200278
In-Ag-Sb,In0.630Ag0.187Sb0.183,3.921678611
In-Zn,In0.897Zn0.103,3.919791667
Sn-Sb,Sn0.827Sb0.173,3.917938611
In-Ag-Sb,In0.539Ag0.053Sb0.408,3.917689444
Sn-Sb,Sn0.903Sb0.097,3.9167275
Sn-Sb,Sn0.815Sb0.185,3.913742222
In-Zn-Sb,In0.444Zn0.010Sb0.546,3.912085833
In-Zn-Sb,In0.432Zn0.276Sb0.292,3.907949667
Sn-Sb,Sn0.779Sb0.221,3.905081389
In-Zn,In0.859Zn0.141,3.902547407
Sn-Sb,Sn0.875Sb0.125,3.9021525
Sn-Sb,Sn0.859Sb0.141,3.900552222
Sn-Zn-Ag,Sn0.639Zn0.291Ag0.070,3.900434167
In-Sb-Cu,In0.885Sb0.067Cu0.048,3.900346759
Sn-Ag-Cu,Sn0.413Ag0.230Cu0.357,3.899126667
Sn-Sb,Sn0.892Sb0.108,3.897807222
Sn-Sb,Sn0.892Sb0.108,3.897807222
In-Zn-Ag,In0.617Zn0.222Ag0.161,3.897124722
In-Ag,In0.764Ag0.236,3.895990833
Sn-Sb,Sn0.864Sb0.136,3.895538333
Bi-Zn-Ag,Bi0.602Zn0.365Ag0.033,3.894609722
In-Zn,In0.767Zn0.233,3.889938852
Sn-Ag-Sb,Sn0.687Ag0.058Sb0.255,3.889053056
Ga-Ag-Sb,Ga0.415Ag0.551Sb0.034,3.888693333
In-Ag-Sb,In0.323Ag0.020Sb0.657,3.888582222
Bi-Ag-Sb,Bi0.595Ag0.016Sb0.389,3.888175
Sn-Sb,Sn0.671Sb0.329,3.878871389
In-Zn-Ag,In0.688Zn0.092Ag0.220,3.8719475
In-Sb-Cu,In0.570Sb0.246Cu0.184,3.871713333
In-Zn-Sb,In0.437Zn0.196Sb0.367,3.868664056
Ga-Ag-Sb,Ga0.474Ag0.372Sb0.154,3.861049274
Ga-Ag-Sb,Ga0.249Ag0.531Sb0.220,3.860062222
Ga-Cu,Ga0.784Cu0.216,3.851351816
Sn-Zn-Sb,Sn0.648Zn0.311Sb0.041,3.849516833
In-Ag-Sb,In0.499Ag0.029Sb0.472,3.841720556
Sn-Zn,Sn0.606Zn0.394,3.840521556
In-Ag-Sb,In0.477Ag0.112Sb0.411,3.840377222
Ga-Ag-Cu,Ga0.639Ag0.355Cu0.006,3.837893226
In-Zn,In0.793Zn0.207,3.836331
Sn-Zn,Sn0.608Zn0.392,3.833181556
In-Cu,In0.732Cu0.268,3.831044444
Sn-Zn,Sn0.622Zn0.378,3.830882389
In-Cu,In0.736Cu0.264,3.830336111
In-Zn-Sb,In0.183Zn0.090Sb0.727,3.828211111
In-Cu,In0.718Cu0.282,3.827743056
In-Zn,In0.835Zn0.165,3.82658713
In-Cu,In0.702Cu0.298,3.825106389
In-Zn-Cu,In0.486Zn0.270Cu0.244,3.823426
Bi-Ag-Cu,Bi0.626Ag0.322Cu0.052,3.8198975
Sn-Zn,Sn0.930Zn0.070,3.819643954
In-Sb-Cu,In0.203Sb0.782Cu0.015,3.811886944
In-Zn-Cu,In0.500Zn0.265Cu0.235,3.810374056
In-Zn-Sb,In0.675Zn0.246Sb0.079,3.810148463
In-Zn,In0.704Zn0.296,3.80944237
In-Ag,In0.738Ag0.262,3.806683611
Sn-Zn,Sn0.926Zn0.074,3.804564608
Sn-Ag-Sb,Sn0.773Ag0.112Sb0.115,3.797521944
Ga-Ag-Sb,Ga0.405Ag0.328Sb0.267,3.796765278
In-Cu,In0.695Cu0.305,3.7959425
In-Zn-Cu,In0.612Zn0.267Cu0.121,3.791907278
In-Zn,In0.829Zn0.171,3.791254074
Sn-Zn-Ag,Sn0.705Zn0.215Ag0.080,3.791133333
Ga-Ag-Sb,Ga0.527Ag0.248Sb0.225,3.789281667
Sn-Zn-Sb,Sn0.561Zn0.037Sb0.402,3.784550278
Sn-Ag,Sn0.881Ag0.119,3.784414216
In-Zn-Sb,In0.394Zn0.383Sb0.223,3.781063556
In-Zn,In0.826Zn0.174,3.780429259
In-Zn-Ag,In0.568Zn0.252Ag0.180,3.779910556
In-Zn-Ag,In0.602Zn0.204Ag0.194,3.779665833
Ga-Cu,Ga0.774Cu0.226,3.778357671
Sn-Zn,Sn0.587Zn0.413,3.773535444
Ga-Ag-Sb,Ga0.291Ag0.536Sb0.173,3.772651667
Sn-Zn,Sn0.583Zn0.417,3.771976833
Ga-Cu,Ga0.772Cu0.228,3.76861406
In-Cu,In0.690Cu0.310,3.766764722
Sn-Zn,Sn0.907Zn0.093,3.761587778
In-Ag-Sb,In0.513Ag0.179Sb0.308,3.755456667
Sn-Ag,Sn0.908Ag0.092,3.75323134
Sn-Ag,Sn0.926Ag0.074,3.750880686
Sn-Zn-Sb,Sn0.481Zn0.196Sb0.323,3.743506556
In-Zn-Cu,In0.422Zn0.259Cu0.319,3.741359611
In-Cu,In0.775Cu0.225,3.741138333
Sn-Ag,Sn0.973Ag0.027,3.739836895
Sn-Zn,Sn0.565Zn0.435,3.737341
In-Ag,In0.957Ag0.043,3.7365175
Bi-Sb-Cu,Bi0.209Sb0.729Cu0.062,3.731353889
Sn-Ag,Sn0.871Ag0.129,3.729064314
In-Sb-Cu,In0.681Cu0.319,3.726428056
In-Sb-Cu,In0.467Sb0.275Cu0.258,3.726406667
Sn-Ag,Sn0.852Ag0.148,3.723233203
Sn-Ag,Sn0.862Ag0.138,3.721687925
In-Cu,In0.785Cu0.215,3.720702222
Sn-Ag-Sb,Sn0.609Ag0.280Sb0.111,3.718584167
In-Cu,In0.828Cu0.172,3.712848333
Ga-Cu,Ga0.754Cu0.246,3.709759658
In-Sb-Cu,In0.441Sb0.507Cu0.052,3.707909722
In-Zn-Cu,In0.390Zn0.353Cu0.257,3.702498778
Sn-Zn,Sn0.784Zn0.216,3.702339056
Sn-Zn-Sb,Sn0.512Zn0.090Sb0.398,3.698257778
In-Sb-Cu,In0.454Sb0.271Cu0.275,3.697291944
In-Sb-Cu,In0.467Sb0.245Cu0.288,3.695733611
Bi-Zn-Cu,Bi0.536Zn0.234Cu0.230,3.693619722
Sn-Ag,Sn0.815Ag0.185,3.692206454
Ga-Ag-Sb,Ga0.390Ag0.395Sb0.215,3.689397222
Bi-Zn-Sb,Bi0.593Zn0.347Sb0.060,3.688760833
In-Zn-Cu,In0.409Zn0.338Cu0.253,3.687640167
Ga-Cu,Ga0.762Cu0.238,3.686930278
Sn-Ag-Sb,Sn0.575Ag0.015Sb0.410,3.686882778
Ga-Ag-Sb,Ga0.551Ag0.220Sb0.229,3.685519167
Sn-Ag,Sn0.806Ag0.194,3.680041732
In-Sb-Cu,In0.505Sb0.207Cu0.288,3.675801389
Sn-Zn-Ag,Sn0.541Zn0.256Ag0.203,3.675592222
In-Zn-Cu,In0.403Zn0.345Cu0.252,3.673071
In-Ag-Sb,In0.439Ag0.131Sb0.430,3.673021667
In-Ag-Sb,In0.397Ag0.080Sb0.523,3.6698875
Sn-Zn-Sb,Sn0.503Zn0.079Sb0.418,3.668446944
In-Zn-Cu,In0.548Zn0.051Cu0.401,3.6667475
Ga-Ag-Cu,Ga0.252Ag0.533Cu0.215,3.662644957
Sn-Zn-Sb,Sn0.501Zn0.089Sb0.410,3.656875833
In-Zn-Cu,In0.316Zn0.365Cu0.319,3.653109056
Sn-Zn-Ag,Sn0.564Zn0.376Ag0.060,3.641515278
In-Zn-Cu,In0.310Zn0.342Cu0.348,3.632249611
Ga-Ag-Sb,Ga0.384Ag0.377Sb0.239,3.631175556
Bi-Zn-Sb,Bi0.372Zn0.074Sb0.554,3.630613889
Ga-Ag-Cu,Ga0.496Ag0.468Cu0.036,3.620631368
Bi-Ag-Cu,Bi0.584Ag0.331Cu0.085,3.613351944
Bi-Zn-Sb,Bi0.589Zn0.328Sb0.083,3.610831389
Bi-Zn-Sb,Bi0.235Zn0.084Sb0.681,3.598285
Bi-Sb-Cu,Bi0.577Sb0.393Cu0.030,3.596511667
Sn-Ag,Sn0.717Ag0.283,3.570335539
Sn-Zn-Ag,Sn0.560Zn0.162Ag0.278,3.570206389
Bi-Sb-Cu,Bi0.343Sb0.627Cu0.030,3.560216111
Bi-Zn-Sb,Bi0.443Zn0.267Sb0.290,3.556487222
Sn-Zn-Ag,Sn0.548Zn0.204Ag0.248,3.553955833
Bi-Zn-Sb,Bi0.139Zn0.074Sb0.787,3.550596389
Bi-Sb-Cu,Bi0.284Sb0.711Cu0.005,3.537409444
In-Ag-Cu,In0.535Ag0.202Cu0.263,3.532461389
Bi-Ag-Sb,Bi0.554Ag0.080Sb0.366,3.522845556
In-Zn-Ag,In0.507Zn0.485Ag0.008,3.516163056
In-Zn-Ag,In0.520Zn0.248Ag0.232,3.509172222
Ga-Ag-Cu,Ga0.701Ag0.068Cu0.231,3.500394829
In,In1.000,3.487444444
Ga-Ag-Cu,Ga0.442Ag0.463Cu0.095,3.486923953
Ga-Ag-Cu,Ga0.461Ag0.298Cu0.241,3.486848056
Bi-Ag-Sb,Bi0.537Ag0.111Sb0.352,3.484938333
Ga-Ag-Cu,Ga0.448Ag0.392Cu0.160,3.465255598
Sn-Zn-Ag,Sn0.526Zn0.222Ag0.252,3.46294
Bi-Zn-Cu,Bi0.359Zn0.382Cu0.259,3.453418889
Zn-Sb-Cu,Zn0.372Sb0.563Cu0.065,3.449443111
In-Ag-Cu,In0.497Ag0.106Cu0.397,3.4481025
Bi-Zn-Cu,Bi0.399Zn0.287Cu0.314,3.447489444
Bi-Zn-Cu,Bi0.479Zn0.134Cu0.387,3.446662778
Sn-Zn-Ag,Sn0.507Zn0.293Ag0.200,3.446443056
In-Ag-Cu,In0.550Ag0.048Cu0.402,3.446145833
Bi-Zn-Cu,Bi0.473Zn0.100Cu0.427,3.440890278
In-Ag-Cu,In0.467Ag0.126Cu0.407,3.439685833
Bi-Zn-Cu,Bi0.535Zn0.337Cu0.128,3.438942222
In-Zn-Ag,In0.496Zn0.316Ag0.188,3.437336111
Sn-Ag-Sb,Sn0.496Ag0.017Sb0.487,3.435911667
Zn-Sb,Zn0.188Sb0.812,3.431157944
In-Ag-Cu,In0.507Ag0.038Cu0.455,3.420014722
Sn-Zn-Ag,Sn0.613Zn0.035Ag0.352,3.415019902
Zn-Sb,Zn0.228Sb0.772,3.414948944
Ga-Cu,Ga0.720Cu0.280,3.412943419
In-Ag-Cu,In0.497Ag0.078Cu0.425,3.411249444
Sn-Ag-Sb,Sn0.505Ag0.046Sb0.449,3.410849722
Ga-Ag-Cu,Ga0.369Ag0.478Cu0.153,3.410844509
Zn-Sb,Zn0.247Sb0.753,3.409142278
Zn-Sb,Zn0.227Sb0.773,3.406440611
Ga-Ag-Cu,Ga0.411Ag0.438Cu0.151,3.390627137
Ga-Ag-Cu,Ga0.367Ag0.474Cu0.159,3.383750897
Sn-Ag-Sb,Sn0.470Ag0.181Sb0.349,3.363268611
Bi-Sb-Cu,Bi0.229Sb0.694Cu0.077,3.355401111
Zn-Sb,Zn0.171Sb0.829,3.341321278
In-Ag-Cu,In0.418Ag0.138Cu0.444,3.317288056
Bi-Ag-Cu,Bi0.542Ag0.307Cu0.151,3.298040556
Zn-Ag-Sb,Zn0.112Ag0.077Sb0.811,3.291348056
Zn-Sb,Zn0.343Sb0.657,3.284523944
Zn-Sb,Zn0.345Sb0.655,3.282557278
Zn-Sb,Zn0.346Sb0.654,3.282557278
Bi-Sb-Cu,Bi0.378Sb0.496Cu0.126,3.264265556
Bi-Sb-Cu,Bi0.516Sb0.393Cu0.091,3.261561111
Zn-Sb,Zn0.313Sb0.687,3.255737833
Bi-Sb-Cu,Bi0.269Sb0.591Cu0.140,3.246598889
Zn-Sb,Zn0.154Sb0.846,3.246147944
Ga-Sb-Cu,Ga0.657Sb0.032Cu0.311,3.24524688
Bi-Sb-Cu,Bi0.372Sb0.487Cu0.141,3.243763611
Sn-Ag-Sb,Sn0.444Ag0.082Sb0.474,3.241383611
Sn-Zn-Ag,Sn0.408Zn0.519Ag0.073,3.2293275
Bi-Ag-Cu,Bi0.405Ag0.275Cu0.320,3.225429167
Ga-Sb-Cu,Ga0.542Sb0.180Cu0.278,3.204543803
Bi-Ag-Cu,Bi0.428Ag0.324Cu0.248,3.202179167
Zn-Sb-Cu,Zn0.053Sb0.683Cu0.264,3.197750278
Zn-Sb-Cu,Zn0.459Sb0.477Cu0.064,3.185268667
Zn-Ag-Sb,Zn0.340Ag0.044Sb0.616,3.181830833
Bi-Ag-Cu,Bi0.473Ag0.166Cu0.361,3.178343611
Ga-Sb-Cu,Ga0.533Sb0.231Cu0.236,3.174651389
Bi-Zn-Ag,Bi0.435Zn0.389Ag0.176,3.158237842
Zn-Sb-Cu,Zn0.085Sb0.629Cu0.286,3.157618889
Sn-Ag-Sb,Sn0.125Ag0.139Sb0.736,3.146495278
Ag-Sb-Cu,Ag0.012Sb0.799Cu0.189,3.134061111
Sn-Ag-Sb,Sn0.372Ag0.116Sb0.512,3.132359167
Ga-Cu,Ga0.664Cu0.336,3.129224658
Ga-Cu,Ga0.662Cu0.338,3.120607991
Zn-Sb-Cu,Zn0.376Sb0.370Cu0.254,3.102407389
Zn-Sb-Cu,Zn0.333Sb0.585Cu0.082,3.098575333
Bi-Zn-Ag,Bi0.418Zn0.372Ag0.210,3.08958312
Ag-Sb-Cu,Ag0.118Sb0.799Cu0.083,3.086958056
Sb-Cu,Sb0.772Cu0.228,3.0858225
Sb-Cu,Sb0.836Cu0.164,3.085034444
Zn-Sb-Cu,Zn0.418Sb0.545Cu0.037,3.084870056
Zn-Sb-Cu,Zn0.416Sb0.547Cu0.037,3.084870056
Sb-Cu,Sb0.757Cu0.243,3.082020833
Zn-Sb-Cu,Zn0.251Sb0.528Cu0.221,3.079849889
Zn-Ag-Sb,Zn0.179Ag0.151Sb0.670,3.079684722
Zn-Sb-Cu,Zn0.315Sb0.572Cu0.113,3.060642556
Ga-Sb-Cu,Ga0.162Sb0.635Cu0.203,3.052203056
Bi-Zn-Ag,Bi0.430Zn0.467Ag0.103,3.045050897
Sb-Cu,Sb0.869Cu0.131,3.019480556
Sb-Cu,Sb0.733Cu0.267,3.007070833
Sb-Cu,Sb0.940Cu0.060,3.005931389
Ga-Sb-Cu,Ga0.595Sb0.292Cu0.113,3.005222222
Bi-Zn-Ag,Bi0.469Zn0.298Ag0.233,2.984228056
Ga-Sb-Cu,Ga0.460Sb0.223Cu0.317,2.981486944
Ag-Sb,Ag0.136Sb0.864,2.954275278
Ga-Sb-Cu,Ga0.440Sb0.248Cu0.312,2.950810556
Sb-Cu,Sb0.901Cu0.099,2.938989444
Bi-Zn-Ag,Bi0.501Zn0.167Ag0.332,2.92274
Sb-Cu,Sb0.703Cu0.297,2.919321111
Sb-Cu,Sb0.699Cu0.301,2.913415556
Sb-Cu,Sb0.699Cu0.301,2.913415556
Bi-Zn-Ag,Bi0.365Zn0.414Ag0.221,2.900511175
Ag-Sb-Cu,Ag0.136Sb0.652Cu0.212,2.888803611
Ag-Sb,Ag0.172Sb0.828,2.869136389
Ga-Sb-Cu,Ga0.029Sb0.663Cu0.308,2.854759722
Ag-Sb,Ag0.176Sb0.824,2.854339167
Ag-Sb,Ag0.181Sb0.819,2.834349722
Ag-Sb,Ag0.209Sb0.791,2.813279167
Ag-Sb,Ag0.198Sb0.802,2.790711389
Ag-Sb-Cu,Ag0.266Sb0.652Cu0.082,2.739341667
Ag-Sb-Cu,Ag0.047Sb0.600Cu0.353,2.7115825
Ag-Sb-Cu,Ag0.198Sb0.610Cu0.192,2.687317222
Zn-Ag-Sb,Zn0.321Ag0.156Sb0.523,2.679466389
Zn-Ag-Sb,Zn0.490Ag0.126Sb0.384,2.660586667
Zn-Ag-Cu,Zn0.385Ag0.154Cu0.461,2.659683056
Zn-Ag-Sb,Zn0.466Ag0.120Sb0.414,2.653924444
Ag-Sb,Ag0.079Sb0.921,2.639776944
Zn-Ag-Sb,Zn0.155Ag0.272Sb0.573,2.625985833
Ag-Sb,Ag0.077Sb0.923,2.622815833
Ag-Sb,Ag0.279Sb0.721,2.610578611
Ag-Sb,Ag0.076Sb0.924,2.610568611
Zn-Ag-Sb,Zn0.430Ag0.230Sb0.340,2.610268333
Zn-Ag-Cu,Zn0.360Ag0.192Cu0.448,2.5720275
Zn-Cu,Zn0.535Cu0.465,2.571543222
Zn-Ag-Sb,Zn0.558Ag0.113Sb0.329,2.563836111
Zn-Ag-Cu,Zn0.500Ag0.138Cu0.362,2.560844444
Zn-Ag-Cu,Zn0.364Ag0.215Cu0.421,2.555081111
Zn-Ag-Cu,Zn0.531Ag0.143Cu0.326,2.553691944
Zn-Cu,Zn0.530Cu0.470,2.549280444
Zn-Ag-Cu,Zn0.354Ag0.210Cu0.436,2.547454444
Zn-Cu,Zn0.557Cu0.443,2.537542278
Zn-Ag-Cu,Zn0.410Ag0.223Cu0.367,2.533985278
Zn-Ag-Cu,Zn0.371Ag0.278Cu0.351,2.532740556
Zn-Ag-Cu,Zn0.291Ag0.251Cu0.458,2.525180556
Zn-Ag-Cu,Zn0.440Ag0.052Cu0.508,2.519931944
Zn-Ag-Sb,Zn0.487Ag0.179Sb0.334,2.515664444
Zn-Cu,Zn0.513Cu0.487,2.483230167
Zn-Cu,Zn0.569Cu0.431,2.454598111
Ag-Sb-Cu,Ag0.247Sb0.503Cu0.250,2.428491944
Zn-Cu,Zn0.593Cu0.407,2.412707833
Ag-Sb-Cu,Ag0.219Sb0.489Cu0.292,2.408464167
Ag-Sb-Cu,Ag0.200Sb0.482Cu0.318,2.369138056
Zn-Cu,Zn0.474Cu0.526,2.368115556
Ag-Sb-Cu,Ag0.251Sb0.461Cu0.288,2.349601389
Zn-Cu,Zn0.462Cu0.538,2.283840833
Zn-Cu,Zn0.458Cu0.542,2.269448611
Zn-Cu,Zn0.658Cu0.342,2.247796778
Sb,Sb1.000,2.132379167
Ag-Cu,Ag0.498Cu0.502,1.473716944
Ag-Cu,Ag0.492Cu0.508,1.471869722
Ag-Cu,Ag0.485Cu0.515,1.459124722
Ag-Cu,Ag0.471Cu0.529,1.437007222
Ag-Cu,Ag0.521Cu0.479,1.431091389
Ag-Cu,Ag0.463Cu0.537,1.416365556
Ag-Cu,Ag0.533Cu0.467,1.4096925
Ag-Cu,Ag0.544Cu0.456,1.406281944
Ag-Cu,Ag0.456Cu0.544,1.379112778
Ag-Cu,Ag0.562Cu0.438,1.333418056
Zn-Ag,Zn0.667Ag0.333,1.081987073
Zn-Ag,Zn0.776Ag0.224,1.069434509
Zn-Ag,Zn0.706Ag0.294,1.06291562
Zn-Ag,Zn0.758Ag0.242,1.055421175
Zn-Ag,Zn0.734Ag0.266,1.036697564
Zn-Ag,Zn0.827Ag0.173,1.035141175
Zn-Ag,Zn0.735Ag0.265,1.031267564
Zn-Ag,Zn0.739Ag0.261,1.028327564
Zn-Ag,Zn0.741Ag0.259,1.025420897
Zn-Ag,Zn0.590Ag0.410,1.025326389
Zn,Zn1.000,0.8508
Ag,Ag1.000,0.485812917
Cu,Cu1.000,0.432856944
