elements,calculated,Predicted_Tc,Elements
Tl-Pb,yes,7.186228662202357,Tl0.002Pb0.998
Tl-Sr,yes,4.628026587301587,Tl0.005Sr0.995
Tl-Ca,yes,22.04801640211641,Tl0.056Ca0.944
Tl-Y,yes,7.714976712176708,Tl0.002Y0.998
Tl-Cu,yes,3.029442872811915,Tl0.916Cu0.084
Tl-Ba,yes,4.008609127446628,Tl0.010Ba0.990
Tl-La,yes,5.251402264032259,Tl0.010La0.990
Tl-Bi,yes,6.326975159457849,Tl0.143Bi0.857
Tl-Ce,yes,5.107244368736393,Tl0.721Ce0.279
Tl-Fe,yes,7.210299999999987,Tl0.214Fe0.786
Tl-Li,yes,12.168879303104296,Tl0.009Li0.991
Tl-Hg,yes,4.127503096237098,Tl0.009Hg0.991
Tl-V,yes,6.183001071428577,Tl0.514V0.486
Tl-Cr,yes,3.0505536932773114,Tl0.886Cr0.114
Tl-Re,yes,4.290777850649347,Tl0.215Re0.785
Tl-Nd,yes,3.4291030740740767,Tl0.046Nd0.954
Tl-Gd,yes,3.020331367521369,Tl0.364Gd0.636
Tl-Yb,yes,3.0844056640207076,Tl0.916Yb0.084
Tl-Sm,yes,2.967539238250398,Tl0.916Sm0.084
Tl-Eu,yes,2.9954161613273222,Tl0.917Eu0.083
Tl-Dy,yes,3.0946531553294214,Tl0.913Dy0.087
Tl-Ho,yes,2.9589392294034957,Tl0.902Ho0.098
Tl-Be,yes,4.601277499999995,Tl0.354Be0.646
Tl-Er,yes,2.7928396509488103,Tl0.915Er0.085
Tl-Al,yes,3.175009097176248,Tl0.906Al0.094
Tl-Co,yes,2.596107716846336,Tl0.914Co0.086
Tl-Pr,yes,2.3649701436097437,Tl0.982Pr0.018
Tl-Cs,yes,3.177358975435242,Tl0.899Cs0.101
Tl-Rb,yes,5.827539515669509,Tl0.551Rb0.449
Tl-Cd,yes,3.2307915319011924,Tl0.915Cd0.085
Tl-Ga,yes,5.548036637902428,Tl0.014Ga0.986
Tl-K,yes,4.572210785510779,Tl0.612K0.388
Tl-Na,yes,18.438902619873137,Tl0.929Na0.071
Tl-Ni,yes,2.6277073467164658,Tl0.888Ni0.112
Tl-Tm,yes,3.0946531553294214,Tl0.914Tm0.086
Tl-Lu,yes,4.570700396825397,Tl0.012Lu0.988
Tl-Zr,yes,4.484405555555549,Tl0.252Zr0.748
Tl-Sc,yes,9.081249909812405,Tl0.003Sc0.997
Tl-Tb,yes,2.3432211302515302,Tl0.997Tb0.003
Tl-Mn,yes,2.491478535420546,Tl0.916Mn0.084
Tl-W,yes,3.7060833333333303,Tl0.346W0.654
Tl-Ag,yes,3.849076407563029,Tl0.724Ag0.276
Tl-Sn,yes,5.827188999999986,Tl0.343Sn0.657
Tl-In,yes,3.9097712667887703,Tl0.100In0.900
Tl-Ge,yes,5.283793843193846,Tl0.003Ge0.997
Tl-Zn,yes,2.7108937346944995,Tl0.913Zn0.087
Tl-Ru,yes,2.4846995960407567,Tl0.932Ru0.068
Tl-Hf,yes,3.9086871683534308,Tl0.918Hf0.082
Tl-Nb,yes,9.149116318791744,Tl0.005Nb0.995
Tl-Pt,yes,2.5671629836270236,Tl0.945Pt0.055
Tl-Pd,yes,3.4463207142857164,Tl0.893Pd0.107
Tl-Ta,yes,4.695701933760679,Tl0.344Ta0.656
Tl-Mo,yes,3.3220577777777813,Tl0.685Mo0.315
Tl-Tc,yes,9.975257990620486,Tl0.064Tc0.936
Tl-Rh,yes,2.8323863703703704,Tl0.717Rh0.283
Tl-Os,yes,2.625621848739495,Tl0.799Os0.201
Tl-Ti,yes,3.6939299230769143,Tl0.152Ti0.848
Tl-Ir,yes,2.350311323503924,Tl0.982Ir0.018
Tl-Sb,yes,4.694865000000018,Tl0.364Sb0.636
Tl-Au,yes,3.2116445098746578,Tl0.886Au0.114
Tl-Th,yes,3.621071830136096,Tl0.887Th0.113
Tl-Pu,yes,11.861012238224724,Tl0.048Pu0.952
Tl-Mg,yes,3.0724394516257165,Tl0.893Mg0.107
Tl-U,yes,2.2290139801040727,Tl1.000
Tl-Np,yes,3.317263080993082,Tl0.343Np0.657
Pb-Sr,yes,7.186228662202357,Pb0.998Sr0.002
Pb-Ca,yes,22.04801640211641,Pb0.001Ca0.999
Pb-Y,yes,7.714976712176708,Pb0.004Y0.996
Pb-Cu,yes,7.186228662202357,Pb0.998Cu0.002
Pb-Ba,yes,7.739212222222228,Pb0.538Ba0.462
Pb-La,yes,7.163898589648623,Pb0.997La0.003
Pb-Bi,yes,8.54004444444446,Pb0.469Bi0.531
Pb-Ce,yes,7.186228662202357,Pb0.998Ce0.002
Pb-Fe,yes,7.378146666666656,Pb0.222Fe0.778
Pb-Li,yes,12.170164660247151,Pb0.032Li0.968
Pb-Hg,yes,7.186228662202357,Pb1.000
Pb-V,yes,7.727741731174034,Pb0.978V0.022
Pb-Cr,yes,7.186228662202357,Pb0.998Cr0.002
Pb-Re,yes,7.186228662202357,Pb0.999Re0.001
Pb-Nd,yes,7.164928372588168,Pb0.976Nd0.024
Pb-Gd,yes,7.186228662202357,Pb0.998Gd0.002
Pb-Yb,yes,7.186228662202357,Pb0.998Yb0.002
Pb-Sm,yes,7.163848372588169,Pb0.978Sm0.022
Pb-Eu,yes,7.186228662202357,Pb1.000
Pb-Dy,yes,7.164928372588168,Pb0.976Dy0.024
Pb-Ho,yes,7.186228662202357,Pb1.000
Pb-Be,yes,7.280632222222227,Pb0.380Be0.620
Pb-Er,yes,7.186228662202357,Pb0.999Er0.001
Pb-Al,yes,7.160938372588169,Pb0.979Al0.021
Pb-Co,yes,7.1638183725881674,Pb0.977Co0.023
Pb-Pr,yes,7.186228662202357,Pb0.999Pr0.001
Pb-Cs,yes,7.186228662202357,Pb0.998Cs0.002
Pb-Rb,yes,7.186228662202357,Pb1.000
Pb-Cd,yes,7.156585434470735,Pb0.978Cd0.022
Pb-Ga,yes,7.984451760833774,Pb0.026Ga0.974
Pb-K,yes,8.401777779577149,Pb0.908K0.092
Pb-Na,yes,11.891429513937537,Pb0.951Na0.049
Pb-Ni,yes,7.186228662202357,Pb0.999Ni0.001
Pb-Tm,yes,7.164928372588168,Pb0.976Tm0.024
Pb-Lu,yes,7.186228662202357,Pb1.000
Pb-Zr,yes,7.186228662202357,Pb0.998Zr0.002
Pb-Sc,yes,9.081249909812405,Sc1.000
Pb-Tb,yes,7.186228662202357,Pb0.999Tb0.001
Pb-Mn,yes,7.163848372588169,Pb0.978Mn0.022
Pb-W,yes,7.186228662202357,Pb0.999W0.001
Pb-Ag,yes,7.164928372588168,Pb0.976Ag0.024
Pb-Sn,yes,7.399317777777775,Pb0.353Sn0.647
Pb-In,yes,7.186228662202357,Pb0.998In0.002
Pb-Ge,yes,7.186228662202357,Pb0.999Ge0.001
Pb-Zn,yes,7.163898589648623,Pb0.997Zn0.003
Pb-Ru,yes,7.186228662202357,Pb0.999Ru0.001
Pb-Hf,yes,7.163898589648623,Pb0.997Hf0.003
Pb-Nb,yes,9.166853922535712,Pb0.003Nb0.997
Pb-Pt,yes,7.186228662202357,Pb0.998Pt0.002
Pb-Pd,yes,7.186228662202357,Pb0.998Pd0.002
Pb-Ta,yes,7.186228662202357,Pb0.999Ta0.001
Pb-Mo,yes,11.37711222222223,Pb0.651Mo0.349
Pb-Tc,yes,9.598038958633948,Pb0.032Tc0.968
Pb-Rh,yes,7.186228662202357,Pb0.999Rh0.001
Pb-Os,yes,7.163898589648623,Pb0.997Os0.003
Pb-Ti,yes,7.163898589648623,Pb0.997Ti0.003
Pb-Ir,yes,7.186228662202357,Pb1.000
Pb-Sb,yes,7.620849999999973,Pb0.967Sb0.033
Pb-Au,yes,7.1638183725881674,Pb0.977Au0.023
Pb-Th,yes,7.186228662202357,Pb0.999Th0.001
Pb-Pu,yes,11.823785571558057,Pb0.007Pu0.993
Pb-Mg,yes,7.186228662202357,Pb0.999Mg0.001
Pb-U,yes,7.186228662202357,Pb1.000
Pb-Np,yes,7.163898589648623,Pb0.997Np0.003
Sr-Ca,yes,22.04801640211641,Sr0.011Ca0.989
Sr-Y,yes,7.714976712176708,Sr0.003Y0.997
Sr-Cu,yes,5.653948365079359,Sr0.503Cu0.497
Sr-Ba,yes,4.628026587301587,Sr0.991Ba0.009
Sr-La,yes,5.251402264032259,Sr0.010La0.990
Sr-Bi,yes,6.181886512289452,Sr0.003Bi0.997
Sr-Ce,yes,6.038203670634931,Sr0.791Ce0.209
Sr-Fe,yes,8.04106777777777,Sr0.220Fe0.780
Sr-Li,yes,12.168879303104296,Sr0.007Li0.993
Sr-Hg,yes,4.628026587301587,Sr0.998Hg0.002
Sr-V,yes,6.183001071428577,Sr0.514V0.486
Sr-Cr,yes,4.63310992063492,Sr0.994Cr0.006
Sr-Re,yes,4.628026587301587,Sr0.998Re0.002
Sr-Nd,yes,4.628404365079366,Sr0.991Nd0.009
Sr-Gd,yes,4.48757880952381,Sr0.994Gd0.006
Sr-Yb,yes,4.634393253968254,Sr0.986Yb0.014
Sr-Sm,yes,4.628026587301587,Sr0.991Sm0.009
Sr-Eu,yes,4.628026587301587,Sr0.998Eu0.002
Sr-Dy,yes,4.628026587301587,Sr0.978Dy0.022
Sr-Ho,yes,4.637609920634921,Sr0.982Ho0.018
Sr-Be,yes,5.54727777777777,Sr0.581Be0.419
Sr-Er,yes,4.6324829365079365,Sr0.984Er0.016
Sr-Al,yes,4.628026587301587,Sr0.998Al0.002
Sr-Co,yes,4.609304365079365,Sr0.998Co0.002
Sr-Pr,yes,4.634651587301587,Sr0.989Pr0.011
Sr-Cs,yes,4.653361904761906,Sr0.806Cs0.194
Sr-Rb,yes,6.446697314814807,Sr0.560Rb0.440
Sr-Cd,yes,4.587543809523809,Sr0.988Cd0.012
Sr-Ga,yes,5.548036637902428,Sr0.030Ga0.970
Sr-K,yes,5.140443960113953,Sr0.634K0.366
Sr-Na,yes,19.38453103174605,Sr0.936Na0.064
Sr-Ni,yes,4.628026587301587,Sr0.998Ni0.002
Sr-Tm,yes,4.639593253968254,Sr0.977Tm0.023
Sr-Lu,yes,4.676764047619047,Sr0.980Lu0.020
Sr-Zr,yes,4.628026587301587,Sr0.998Zr0.002
Sr-Sc,yes,9.081249909812405,Sr0.008Sc0.992
Sr-Tb,yes,4.564031269841271,Sr0.995Tb0.005
Sr-Mn,yes,4.628026587301587,Sr1.000
Sr-W,yes,4.554745476190476,Sr0.997W0.003
Sr-Ag,yes,4.8261647619047645,Sr0.720Ag0.280
Sr-Sn,yes,4.820827531746031,Sr0.502Sn0.498
Sr-In,yes,4.629085476190476,Sr0.976In0.024
Sr-Ge,yes,5.283793843193846,Sr0.002Ge0.998
Sr-Zn,yes,3.951332420634917,Sr0.976Zn0.024
Sr-Ru,yes,4.628026587301587,Sr1.000
Sr-Hf,yes,4.996276587301581,Sr0.980Hf0.020
Sr-Nb,yes,9.149116318791744,Sr0.005Nb0.995
Sr-Pt,yes,4.628026587301587,Sr0.998Pt0.002
Sr-Pd,yes,4.6830460714285715,Sr0.832Pd0.168
Sr-Ta,yes,4.859275028998778,Sr0.540Ta0.460
Sr-Mo,yes,4.624947373015871,Sr0.840Mo0.160
Sr-Tc,yes,9.975257990620486,Sr0.064Tc0.936
Sr-Rh,yes,4.293934920634922,Sr0.995Rh0.005
Sr-Os,yes,3.616196182539683,Sr0.991Os0.009
Sr-Ti,yes,4.653432976190474,Sr0.726Ti0.274
Sr-Ir,yes,4.628026587301587,Sr0.992Ir0.008
Sr-Sb,yes,4.882734087301591,Sr0.764Sb0.236
Sr-Au,yes,4.628026587301587,Sr0.985Au0.015
Sr-Th,yes,4.91271773809524,Sr0.885Th0.115
Sr-Pu,yes,11.861012238224724,Sr0.034Pu0.966
Sr-Mg,yes,4.628293253968255,Sr0.980Mg0.020
Sr-U,yes,0.941542174603173,Sr0.973U0.027
Sr-Np,yes,4.628026587301587,Sr0.996Np0.004
Ca-Y,yes,22.048349735449744,Ca0.887Y0.113
Ca-Cu,yes,22.04801640211641,Ca0.975Cu0.025
Ca-Ba,yes,22.04801640211641,Ca0.901Ba0.099
Ca-La,yes,22.04801640211641,Ca0.998La0.002
Ca-Bi,yes,22.04801640211641,Ca0.996Bi0.004
Ca-Ce,yes,22.04821640211641,Ca0.985Ce0.015
Ca-Fe,yes,22.053149735449743,Ca0.987Fe0.013
Ca-Li,yes,22.04801640211641,Ca0.998Li0.002
Ca-Hg,yes,22.04801640211641,Ca0.963Hg0.037
Ca-V,yes,21.861794179894186,Ca0.998V0.002
Ca-Cr,yes,22.05501640211641,Ca0.965Cr0.035
Ca-Re,yes,22.04801640211641,Ca0.995Re0.005
Ca-Nd,yes,22.04801640211641,Ca0.903Nd0.097
Ca-Gd,yes,22.045263068783076,Ca0.939Gd0.061
Ca-Yb,yes,22.04801640211641,Ca0.940Yb0.060
Ca-Sm,yes,22.04801640211641,Ca0.901Sm0.099
Ca-Eu,yes,22.04801640211641,Ca0.930Eu0.070
Ca-Dy,yes,22.04801640211641,Ca0.890Dy0.110
Ca-Ho,yes,22.04801640211641,Ca1.000
Ca-Be,yes,22.04801640211641,Ca0.978Be0.022
Ca-Er,yes,22.04801640211641,Ca0.914Er0.086
Ca-Al,yes,22.058383068783076,Ca0.895Al0.105
Ca-Co,yes,21.878069735449742,Ca0.997Co0.003
Ca-Pr,yes,22.04801640211641,Ca0.998Pr0.002
Ca-Cs,yes,22.04801640211641,Ca0.898Cs0.102
Ca-Rb,yes,22.04801640211641,Ca0.990Rb0.010
Ca-Cd,yes,22.04801640211641,Ca0.877Cd0.123
Ca-Ga,yes,22.04801640211641,Ca0.953Ga0.047
Ca-K,yes,22.04801640211641,Ca0.973K0.027
Ca-Na,yes,27.832648148148163,Ca0.931Na0.069
Ca-Ni,yes,22.04801640211641,Ca0.969Ni0.031
Ca-Tm,yes,22.04801640211641,Ca0.955Tm0.045
Ca-Lu,yes,22.05021640211641,Ca0.917Lu0.083
Ca-Zr,yes,21.975554497354505,Ca0.997Zr0.003
Ca-Sc,yes,22.04801640211641,Ca0.999Sc0.001
Ca-Tb,yes,22.04801640211641,Ca0.920Tb0.080
Ca-Mn,yes,22.04801640211641,Ca1.000
Ca-W,yes,22.04801640211641,Ca0.921W0.079
Ca-Ag,yes,22.04801640211641,Ca0.993Ag0.007
Ca-Sn,yes,22.04801640211641,Ca0.944Sn0.056
Ca-In,yes,22.056549735449742,Ca0.888In0.112
Ca-Ge,yes,22.06011640211641,Ca0.906Ge0.094
Ca-Zn,yes,22.048456402116408,Ca0.944Zn0.056
Ca-Ru,yes,22.04801640211641,Ca0.989Ru0.011
Ca-Hf,yes,22.04801640211641,Ca0.993Hf0.007
Ca-Nb,yes,22.04801640211641,Ca0.999Nb0.001
Ca-Pt,yes,22.04801640211641,Ca0.994Pt0.006
Ca-Pd,yes,22.04801640211641,Ca0.940Pd0.060
Ca-Ta,yes,22.060860846560853,Ca0.933Ta0.067
Ca-Mo,yes,22.054949735449743,Ca0.886Mo0.114
Ca-Tc,yes,22.04801640211641,Ca0.953Tc0.047
Ca-Rh,yes,22.04801640211641,Ca1.000
Ca-Os,yes,21.969816402116408,Ca0.985Os0.015
Ca-Ti,yes,22.053683068783076,Ca0.877Ti0.123
Ca-Ir,yes,22.04801640211641,Ca0.990Ir0.010
Ca-Sb,yes,22.04801640211641,Ca0.957Sb0.043
Ca-Au,yes,22.04801640211641,Ca0.994Au0.006
Ca-Th,yes,22.04801640211641,Ca0.926Th0.074
Ca-Pu,yes,22.04801640211641,Ca0.903Pu0.097
Ca-Mg,yes,22.04801640211641,Ca0.953Mg0.047
Ca-U,yes,2.197404396825398,Ca0.966U0.034
Ca-Np,yes,22.04801640211641,Ca0.996Np0.004
Y-Cu,yes,7.714976712176708,Y0.997Cu0.003
Y-Ba,yes,7.714976712176708,Y0.996Ba0.004
Y-La,yes,7.714976712176708,Y0.996La0.004
Y-Bi,yes,6.181886512289452,Y0.003Bi0.997
Y-Ce,yes,7.714976712176708,Y0.999Ce0.001
Y-Fe,yes,7.714976712176708,Y1.000
Y-Li,yes,12.16771263643763,Y0.027Li0.973
Y-Hg,yes,7.714976712176708,Y0.999Hg0.001
Y-V,yes,7.888329489954484,Y0.996V0.004
Y-Cr,yes,7.714976712176708,Y0.998Cr0.002
Y-Re,yes,7.714976712176708,Y0.997Re0.003
Y-Nd,yes,7.714976712176708,Y0.999Nd0.001
Y-Gd,yes,7.710260045510042,Y0.997Gd0.003
Y-Yb,yes,7.714976712176708,Y0.999Yb0.001
Y-Sm,yes,7.714976712176708,Y0.996Sm0.004
Y-Eu,yes,7.714976712176708,Y0.999Eu0.001
Y-Dy,yes,7.714976712176708,Y1.000
Y-Ho,yes,7.714976712176708,Y0.998Ho0.002
Y-Be,yes,7.714976712176708,Y0.998Be0.002
Y-Er,yes,7.714976712176708,Y0.998Er0.002
Y-Al,yes,7.714976712176708,Y0.996Al0.004
Y-Co,yes,7.691143378843375,Y0.999Co0.001
Y-Pr,yes,7.714976712176708,Y0.998Pr0.002
Y-Cs,yes,7.714976712176708,Y0.999Cs0.001
Y-Rb,yes,7.714976712176708,Y1.000
Y-Cd,yes,7.714976712176708,Y1.000
Y-Ga,yes,7.714976712176708,Y0.998Ga0.002
Y-K,yes,7.714976712176708,Y0.996K0.004
Y-Na,yes,18.89291033596038,Y0.929Na0.071
Y-Ni,yes,7.714976712176708,Y0.999Ni0.001
Y-Tm,yes,7.714976712176708,Y1.000
Y-Lu,yes,7.714976712176708,Y1.000
Y-Zr,yes,7.659276712176708,Y0.997Zr0.003
Y-Sc,yes,9.081249909812405,Y0.001Sc0.999
Y-Tb,yes,7.694171950271946,Y0.996Tb0.004
Y-Mn,yes,6.6970851296851315,Y0.999Mn0.001
Y-W,yes,7.677752902652899,Y0.997W0.003
Y-Ag,yes,7.714976712176708,Y0.998Ag0.002
Y-Sn,yes,7.714976712176708,Y0.997Sn0.003
Y-In,yes,7.714976712176708,Y0.998In0.002
Y-Ge,yes,7.714976712176708,Y0.996Ge0.004
Y-Zn,yes,7.714976712176708,Y0.998Zn0.002
Y-Ru,yes,7.714976712176708,Y0.999Ru0.001
Y-Hf,yes,7.714976712176708,Y0.997Hf0.003
Y-Nb,yes,9.228815910801671,Y0.004Nb0.996
Y-Pt,yes,7.714976712176708,Y1.000
Y-Pd,yes,7.714976712176708,Y0.997Pd0.003
Y-Ta,yes,7.714976712176708,Y0.999Ta0.001
Y-Mo,yes,7.714976712176708,Y0.999Mo0.001
Y-Tc,yes,9.975257990620486,Y0.064Tc0.936
Y-Rh,yes,7.714976712176708,Y1.000
Y-Os,yes,7.714976712176708,Y1.000
Y-Ti,yes,7.714976712176708,Y0.997Ti0.003
Y-Ir,yes,3.856007964257967,Y0.993Ir0.007
Y-Sb,yes,7.714976712176708,Y0.997Sb0.003
Y-Au,yes,7.714976712176708,Y0.997Au0.003
Y-Th,yes,3.887604933954938,Y0.934Th0.066
Y-Pu,yes,11.861012238224724,Y0.035Pu0.965
Y-Mg,yes,3.856007964257967,Y0.991Mg0.009
Y-U,yes,1.0642391587301583,Y0.998U0.002
Y-Np,yes,7.714976712176708,Y1.000
Cu-Ba,yes,4.001021032208533,Cu0.010Ba0.990
Cu-La,yes,5.245402264032259,Cu0.010La0.990
Cu-Bi,yes,6.181886512289452,Cu0.004Bi0.996
Cu-Ce,yes,4.401801369047624,Cu0.443Ce0.557
Cu-Fe,yes,7.103899999999988,Cu0.222Fe0.778
Cu-Li,yes,12.354313333888335,Cu0.048Li0.952
Cu-Hg,yes,4.1183784295704315,Cu0.004Hg0.996
Cu-V,yes,5.609614801587304,Cu0.513V0.487
Cu-Cr,yes,2.6409640000000016,Cu0.448Cr0.552
Cu-Re,yes,3.9098814682539653,Cu0.269Re0.731
Cu-Nd,yes,3.4189457407407415,Cu0.019Nd0.981
Cu-Gd,yes,3.1889868754578727,Cu0.453Gd0.547
Cu-Yb,yes,2.47716503174603,Cu0.466Yb0.534
Cu-Sm,yes,2.7204099523809497,Cu0.453Sm0.547
Cu-Eu,yes,2.811388365079363,Cu0.452Eu0.548
Cu-Dy,yes,2.8480702087912064,Cu0.453Dy0.547
Cu-Ho,yes,2.785568708791208,Cu0.088Ho0.912
Cu-Be,yes,3.198364555555553,Cu0.455Be0.545
Cu-Er,yes,2.511897730158728,Cu0.454Er0.546
Cu-Al,yes,2.3744887542087563,Cu0.284Al0.716
Cu-Co,yes,2.198058777777777,Cu0.901Co0.099
Cu-Pr,yes,1.979427896825397,Cu0.981Pr0.019
Cu-Cs,yes,2.4721732857142835,Cu0.452Cs0.548
Cu-Rb,yes,4.723626817256815,Cu0.550Rb0.450
Cu-Cd,yes,1.9209387777777787,Cu0.886Cd0.114
Cu-Ga,yes,5.548036637902428,Cu0.014Ga0.986
Cu-K,yes,4.346359118844113,Cu0.537K0.463
Cu-Na,yes,3.8471299706959705,Cu0.451Na0.549
Cu-Ni,yes,2.6502987222222276,Cu0.427Ni0.573
Cu-Tm,yes,2.8173390976800956,Cu0.454Tm0.546
Cu-Lu,yes,4.572050396825397,Cu0.014Lu0.986
Cu-Zr,yes,4.958316666666661,Cu0.252Zr0.748
Cu-Sc,yes,9.071666576479071,Cu0.014Sc0.986
Cu-Tb,yes,2.2562341190476167,Cu0.451Tb0.549
Cu-Mn,yes,3.6586099603174542,Cu0.974Mn0.026
Cu-W,yes,3.412208095238094,Cu0.301W0.699
Cu-Ag,yes,2.497524912698414,Cu0.641Ag0.359
Cu-Sn,yes,6.287183888888859,Cu0.117Sn0.883
Cu-In,yes,3.7373534945887443,Cu0.089In0.911
Cu-Ge,yes,5.283793843193846,Cu0.001Ge0.999
Cu-Zn,yes,2.2857538992673976,Cu0.531Zn0.469
Cu-Ru,yes,8.614467698412701,Cu0.466Ru0.534
Cu-Hf,yes,3.3678100317460324,Cu0.453Hf0.547
Cu-Nb,yes,9.16598548093487,Cu0.004Nb0.996
Cu-Pt,yes,1.9832945634920642,Cu0.980Pt0.020
Cu-Pd,yes,4.1486128888888825,Cu0.452Pd0.548
Cu-Ta,yes,4.400765626145286,Cu0.012Ta0.988
Cu-Mo,yes,3.004837698412702,Cu0.686Mo0.314
Cu-Tc,yes,9.961554960317455,Cu0.063Tc0.937
Cu-Rh,yes,2.5175366984126963,Cu0.466Rh0.534
Cu-Os,yes,1.9926345634920641,Cu0.982Os0.018
Cu-Ti,yes,3.4629278968253896,Cu0.980Ti0.020
Cu-Ir,yes,1.9785156746031751,Cu0.981Ir0.019
Cu-Sb,yes,3.655137142857142,Cu0.085Sb0.915
Cu-Au,yes,2.179544034391534,Cu0.685Au0.315
Cu-Th,yes,2.5349592360602355,Cu0.539Th0.461
Cu-Pu,yes,11.861012238224724,Cu0.015Pu0.985
Cu-Mg,yes,2.870221923076921,Cu0.533Mg0.467
Cu-U,yes,1.7234338015873027,Cu0.981U0.019
Cu-Np,yes,3.126356129934878,Cu0.019Np0.981
Ba-La,yes,5.267781929736928,Ba0.006La0.994
Ba-Bi,yes,6.18794702258253,Ba0.196Bi0.804
Ba-Ce,yes,5.915399661680922,Ba0.843Ce0.157
Ba-Fe,yes,7.237189999999987,Ba0.220Fe0.780
Ba-Li,yes,12.168879303104296,Ba0.007Li0.993
Ba-Hg,yes,4.127503096237098,Ba0.015Hg0.985
Ba-V,yes,6.183001071428577,Ba0.514V0.486
Ba-Cr,yes,4.009178571891073,Ba0.991Cr0.009
Ba-Re,yes,4.366881696803193,Ba0.213Re0.787
Ba-Nd,yes,4.008609127446628,Ba0.998Nd0.002
Ba-Gd,yes,3.997428175065676,Ba0.998Gd0.002
Ba-Yb,yes,4.012692460779961,Ba0.991Yb0.009
Ba-Sm,yes,4.008609127446628,Ba0.999Sm0.001
Ba-Eu,yes,4.008609127446628,Ba0.999Eu0.001
Ba-Dy,yes,4.008609127446628,Ba0.989Dy0.011
Ba-Ho,yes,4.017479497816998,Ba0.987Ho0.013
Ba-Be,yes,5.341903517778514,Ba0.599Be0.401
Ba-Er,yes,4.037290945628446,Ba0.983Er0.017
Ba-Al,yes,4.008609127446628,Ba0.993Al0.007
Ba-Co,yes,3.9960396830021834,Ba0.999Co0.001
Ba-Pr,yes,4.0204711644836655,Ba0.990Pr0.010
Ba-Cs,yes,4.188343213915717,Ba0.843Cs0.157
Ba-Rb,yes,8.395341390091376,Ba0.558Rb0.442
Ba-Cd,yes,3.968495516335517,Ba0.995Cd0.005
Ba-Ga,yes,5.548036637902428,Ba0.045Ga0.955
Ba-K,yes,18.128892075517065,Ba0.606K0.394
Ba-Na,yes,17.497071742794247,Ba0.934Na0.066
Ba-Ni,yes,4.008609127446628,Ba0.998Ni0.002
Ba-Tm,yes,4.014859127446628,Ba0.980Tm0.020
Ba-Lu,yes,4.6032096560846565,Ba0.252Lu0.748
Ba-Zr,yes,4.4861055555555485,Ba0.249Zr0.751
Ba-Sc,yes,9.081249909812405,Ba0.007Sc0.993
Ba-Tb,yes,4.008609127446628,Ba0.999Tb0.001
Ba-Mn,yes,3.419739988529988,Ba0.999Mn0.001
Ba-W,yes,3.950090780885782,Ba0.999W0.001
Ba-Ag,yes,4.187714164076669,Ba0.723Ag0.277
Ba-Sn,yes,4.658111888888889,Ba0.474Sn0.526
Ba-In,yes,4.008609127446628,Ba0.999In0.001
Ba-Ge,yes,5.283793843193846,Ba0.001Ge0.999
Ba-Zn,yes,4.008609127446628,Ba0.999Zn0.001
Ba-Ru,yes,3.604621315073817,Ba0.984Ru0.016
Ba-Hf,yes,4.480117306304804,Ba0.919Hf0.081
Ba-Nb,yes,9.166853922535712,Ba0.003Nb0.997
Ba-Pt,yes,4.008609127446628,Ba0.999Pt0.001
Ba-Pd,yes,4.244823530636034,Ba0.831Pd0.169
Ba-Ta,yes,4.769393914280163,Ba0.534Ta0.466
Ba-Mo,yes,4.06345856647057,Ba0.840Mo0.160
Ba-Tc,yes,9.975257990620486,Ba0.063Tc0.937
Ba-Rh,yes,3.9993064208939186,Ba0.719Rh0.281
Ba-Os,yes,3.4450871291671312,Ba0.999Os0.001
Ba-Ti,yes,4.240142607485108,Ba0.723Ti0.277
Ba-Ir,yes,4.008609127446628,Ba0.994Ir0.006
Ba-Sb,yes,4.640740675620682,Ba0.764Sb0.236
Ba-Au,yes,4.008609127446628,Ba0.995Au0.005
Ba-Th,yes,4.520771552244055,Ba0.871Th0.129
Ba-Pu,yes,11.861012238224724,Ba0.012Pu0.988
Ba-Mg,yes,4.008609127446628,Ba0.989Mg0.011
Ba-U,yes,4.008609127446628,Ba1.000
Ba-Np,yes,4.008609127446628,Ba0.991Np0.009
La-Bi,yes,6.181886512289452,La0.001Bi0.999
La-Ce,yes,6.447128888888907,La0.825Ce0.175
La-Fe,yes,7.20822333333332,La0.217Fe0.783
La-Li,yes,12.168879303104296,La0.001Li0.999
La-Hg,yes,5.267781929736928,La0.994Hg0.006
La-V,yes,6.178601071428577,La0.514V0.486
La-Cr,yes,5.267781929736928,La0.994Cr0.006
La-Re,yes,5.265824786879785,La0.995Re0.005
La-Nd,yes,5.265824786879785,La0.995Nd0.005
La-Gd,yes,5.0882253763803025,La0.999Gd0.001
La-Yb,yes,5.373295079365075,La0.991Yb0.009
La-Sm,yes,5.18512184748,La0.997Sm0.003
La-Eu,yes,4.829477716425881,La0.997Eu0.003
La-Dy,yes,5.132683987491414,La0.999Dy0.001
La-Ho,yes,5.265824786879785,La0.995Ho0.005
La-Be,yes,5.267781929736928,La0.994Be0.006
La-Er,yes,5.6210785185185355,La0.994Er0.006
La-Al,yes,5.265824786879785,La0.995Al0.005
La-Co,yes,4.5817385170385165,La0.994Co0.006
La-Pr,yes,5.26966722222222,La0.990Pr0.010
La-Cs,yes,5.311529906468229,La1.000
La-Rb,yes,5.915055370370368,La0.633Rb0.367
La-Cd,yes,5.204377819587814,La0.991Cd0.009
La-Ga,yes,5.548036637902428,La0.013Ga0.987
La-K,yes,5.251402264032259,La0.990K0.010
La-Na,yes,18.832961111111107,La0.942Na0.058
La-Ni,yes,5.098933719681878,La0.998Ni0.002
La-Tm,yes,5.311529906468229,La1.000
La-Lu,yes,5.513735518925507,La0.990Lu0.010
La-Zr,yes,5.144987418390572,La0.996Zr0.004
La-Sc,yes,9.081249909812405,La0.010Sc0.990
La-Tb,yes,5.21048591702156,La0.997Tb0.003
La-Mn,yes,5.311529906468229,La1.000
La-W,yes,5.311529906468229,La1.000
La-Ag,yes,5.2508181202131174,La0.995Ag0.005
La-Sn,yes,5.267781929736928,La0.994Sn0.006
La-In,yes,5.245828930698925,La0.990In0.010
La-Ge,yes,5.311529906468229,La1.000
La-Zn,yes,5.132683987491414,La0.999Zn0.001
La-Ru,yes,4.889628437673436,La0.994Ru0.006
La-Hf,yes,5.18725408505724,La0.996Hf0.004
La-Nb,yes,9.166853922535712,La0.003Nb0.997
La-Pt,yes,5.267781929736928,La0.994Pt0.006
La-Pd,yes,5.251402264032259,La0.990Pd0.010
La-Ta,yes,5.233492264032259,La0.990Ta0.010
La-Mo,yes,7.5056280488057805,La0.589Mo0.411
La-Tc,yes,9.975257990620486,La0.064Tc0.936
La-Rh,yes,5.098933719681878,La0.998Rh0.002
La-Os,yes,4.49950955562698,La0.999Os0.001
La-Ti,yes,5.267781929736928,La0.994Ti0.006
La-Ir,yes,5.246511152921148,La0.991Ir0.009
La-Sb,yes,5.213609115884114,La0.993Sb0.007
La-Au,yes,5.311529906468229,La1.000
La-Th,yes,5.267781929736928,La0.994Th0.006
La-Pu,yes,11.861012238224724,La0.037Pu0.963
La-Mg,yes,5.267781929736928,La0.994Mg0.006
La-U,yes,5.311529906468229,La1.000
La-Np,yes,5.267781929736928,La0.994Np0.006
Bi-Ce,yes,6.181886512289452,Bi0.998Ce0.002
Bi-Fe,yes,7.265611965811956,Bi0.222Fe0.778
Bi-Li,yes,12.168879303104296,Bi0.005Li0.995
Bi-Hg,yes,6.18794702258253,Bi0.818Hg0.182
Bi-V,yes,6.238558073136013,Bi0.997V0.003
Bi-Cr,yes,6.181886512289452,Bi1.000
Bi-Re,yes,6.181886512289452,Bi0.998Re0.002
Bi-Nd,yes,6.181886512289452,Bi0.998Nd0.002
Bi-Gd,yes,6.18794702258253,Bi0.817Gd0.183
Bi-Yb,yes,6.18794702258253,Bi0.820Yb0.180
Bi-Sm,yes,6.181886512289452,Bi0.998Sm0.002
Bi-Eu,yes,6.191320290980798,Bi0.800Eu0.200
Bi-Dy,yes,6.18794702258253,Bi0.807Dy0.193
Bi-Ho,yes,6.191320290980798,Bi0.800Ho0.200
Bi-Be,yes,6.191320290980798,Bi0.800Be0.200
Bi-Er,yes,6.191320290980798,Bi0.800Er0.200
Bi-Al,yes,6.191320290980798,Bi0.800Al0.200
Bi-Co,yes,6.181886512289452,Bi0.998Co0.002
Bi-Pr,yes,6.181886512289452,Bi0.996Pr0.004
Bi-Cs,yes,6.18794702258253,Bi0.808Cs0.192
Bi-Rb,yes,11.413257999777999,Bi0.621Rb0.379
Bi-Cd,yes,6.181886512289452,Bi0.997Cd0.003
Bi-Ga,yes,6.191320290980798,Bi0.800Ga0.200
Bi-K,yes,6.181886512289452,Bi0.998K0.002
Bi-Na,yes,17.414194164412603,Bi0.951Na0.049
Bi-Ni,yes,6.191320290980798,Bi0.800Ni0.200
Bi-Tm,yes,6.191320290980798,Bi0.800Tm0.200
Bi-Lu,yes,6.18794702258253,Bi0.802Lu0.198
Bi-Zr,yes,6.181886512289452,Bi0.999Zr0.001
Bi-Sc,yes,9.081249909812405,Bi0.005Sc0.995
Bi-Tb,yes,6.181886512289452,Bi0.997Tb0.003
Bi-Mn,yes,6.139644735425242,Bi0.800Mn0.200
Bi-W,yes,6.181886512289452,Bi1.000
Bi-Ag,yes,6.181886512289452,Bi0.998Ag0.002
Bi-Sn,yes,6.901777133838362,Bi0.790Sn0.210
Bi-In,yes,6.1936803559158635,Bi0.802In0.198
Bi-Ge,yes,6.18794702258253,Bi0.809Ge0.191
Bi-Zn,yes,6.181886512289452,Bi1.000
Bi-Ru,yes,6.181886512289452,Bi0.997Ru0.003
Bi-Hf,yes,6.181886512289452,Bi0.997Hf0.003
Bi-Nb,yes,9.166853922535712,Bi0.003Nb0.997
Bi-Pt,yes,6.181886512289452,Bi0.996Pt0.004
Bi-Pd,yes,6.18794702258253,Bi0.818Pd0.182
Bi-Ta,yes,6.18876702258253,Bi0.801Ta0.199
Bi-Mo,yes,6.181886512289452,Bi0.999Mo0.001
Bi-Tc,yes,9.881588823953832,Bi0.077Tc0.923
Bi-Rh,yes,6.149848972606911,Bi0.970Rh0.030
Bi-Os,yes,6.164930355915862,Bi0.801Os0.199
Bi-Ti,yes,6.185073624314132,Bi0.800Ti0.200
Bi-Ir,yes,6.181886512289452,Bi1.000
Bi-Sb,yes,6.176714845622785,Bi0.995Sb0.005
Bi-Au,yes,6.181886512289452,Bi0.996Au0.004
Bi-Th,yes,6.181886512289452,Bi0.999Th0.001
Bi-Pu,yes,11.861012238224724,Bi0.032Pu0.968
Bi-Mg,yes,6.181886512289452,Bi0.999Mg0.001
Bi-U,yes,1.0193980145965138,Bi0.974U0.026
Bi-Np,yes,6.191320290980798,Bi0.800Np0.200
Ce-Fe,yes,7.225599999999988,Ce0.214Fe0.786
Ce-Li,yes,12.168879303104296,Ce0.009Li0.991
Ce-Hg,yes,5.780734935305447,Ce0.178Hg0.822
Ce-V,yes,6.081242738095243,Ce0.512V0.488
Ce-Cr,yes,4.588736607142864,Ce0.439Cr0.561
Ce-Re,yes,5.161467557720056,Ce0.213Re0.787
Ce-Nd,yes,5.445104226190487,Ce0.198Nd0.802
Ce-Gd,yes,5.203147003968266,Ce0.202Gd0.798
Ce-Yb,yes,4.983280972222232,Ce0.555Yb0.445
Ce-Sm,yes,5.168101448412711,Ce0.176Sm0.824
Ce-Eu,yes,5.318160416666678,Ce0.201Eu0.799
Ce-Dy,yes,5.260715892857155,Ce0.184Dy0.816
Ce-Ho,yes,5.243593670634933,Ce0.180Ho0.820
Ce-Be,yes,5.752240138888895,Ce0.367Be0.633
Ce-Er,yes,4.982967003968264,Ce0.203Er0.797
Ce-Al,yes,4.7194120833333475,Ce0.746Al0.254
Ce-Co,yes,3.634186448412704,Ce0.890Co0.110
Ce-Pr,yes,2.821724781746035,Ce0.975Pr0.025
Ce-Cs,yes,4.958364781746042,Ce0.560Cs0.440
Ce-Rb,yes,6.6623501521164,Ce0.558Rb0.442
Ce-Cd,yes,4.25627486111112,Ce0.876Cd0.124
Ce-Ga,yes,5.537242791748582,Ce0.015Ga0.985
Ce-K,yes,5.087127671957671,Ce0.622K0.378
Ce-Na,yes,17.24808033730158,Ce0.932Na0.068
Ce-Ni,yes,3.9193791071428667,Ce0.558Ni0.442
Ce-Tm,yes,5.259675892857156,Ce0.184Tm0.816
Ce-Lu,yes,6.111526686507947,Ce0.194Lu0.806
Ce-Zr,yes,4.4884722222222155,Ce0.249Zr0.751
Ce-Sc,yes,9.081249909812405,Ce0.005Sc0.995
Ce-Tb,yes,4.285494503968263,Ce0.217Tb0.783
Ce-Mn,yes,4.063285892857143,Ce0.551Mn0.449
Ce-W,yes,5.259550257936512,Ce0.301W0.699
Ce-Ag,yes,4.9900164484127085,Ce0.700Ag0.300
Ce-Sn,yes,5.078998194444453,Ce0.318Sn0.682
Ce-In,yes,5.550233012820526,Ce0.164In0.836
Ce-Ge,yes,5.820945777417036,Ce0.164Ge0.836
Ce-Zn,yes,4.230282361111114,Ce0.557Zn0.443
Ce-Ru,yes,4.235813333333341,Ce0.551Ru0.449
Ce-Hf,yes,5.192703273809527,Ce0.450Hf0.550
Ce-Nb,yes,9.166853922535712,Ce0.003Nb0.997
Ce-Pt,yes,3.518455337301595,Ce0.957Pt0.043
Ce-Pd,yes,4.622807083333343,Ce0.790Pd0.210
Ce-Ta,yes,5.323086953601952,Ce0.427Ta0.573
Ce-Mo,yes,4.4864248611111215,Ce0.876Mo0.124
Ce-Tc,yes,9.975257990620486,Ce0.064Tc0.936
Ce-Rh,yes,3.612692891414145,Ce0.721Rh0.279
Ce-Os,yes,3.546477392857147,Ce0.795Os0.205
Ce-Ti,yes,5.543563591269849,Ce0.160Ti0.840
Ce-Ir,yes,2.9691654761904815,Ce0.965Ir0.035
Ce-Sb,yes,5.267064702380961,Ce0.176Sb0.824
Ce-Au,yes,4.049882638888899,Ce0.791Au0.209
Ce-Th,yes,5.156675416666683,Ce0.650Th0.350
Ce-Pu,yes,11.861012238224724,Ce0.026Pu0.974
Ce-Mg,yes,4.7838953373015976,Ce0.644Mg0.356
Ce-U,yes,1.2050638558201021,Ce1.000
Ce-Np,yes,5.4945083999796624,Ce0.185Np0.815
Fe-Li,yes,12.168879303104296,Fe0.006Li0.994
Fe-Hg,yes,7.213595555555543,Fe0.785Hg0.215
Fe-V,yes,7.2944066666666565,Fe0.785V0.215
Fe-Cr,yes,6.712289999999985,Fe0.781Cr0.219
Fe-Re,yes,7.184633333333321,Fe0.789Re0.211
Fe-Nd,yes,7.211489999999987,Fe0.782Nd0.218
Fe-Gd,yes,7.201744444444431,Fe0.777Gd0.223
Fe-Yb,yes,7.211489999999987,Fe0.788Yb0.212
Fe-Sm,yes,7.238594444444432,Fe0.786Sm0.214
Fe-Eu,yes,7.211489999999987,Fe0.788Eu0.212
Fe-Dy,yes,7.211489999999987,Fe0.776Dy0.224
Fe-Ho,yes,7.211489999999987,Fe0.785Ho0.215
Fe-Be,yes,7.211489999999987,Fe0.776Be0.224
Fe-Er,yes,7.204466666666655,Fe0.777Er0.223
Fe-Al,yes,7.052433333333322,Fe0.786Al0.214
Fe-Co,yes,6.356016666666655,Fe0.785Co0.215
Fe-Pr,yes,7.193699999999988,Fe0.783Pr0.217
Fe-Cs,yes,7.211489999999987,Fe0.776Cs0.224
Fe-Rb,yes,7.828323333333322,Fe0.783Rb0.217
Fe-Cd,yes,7.200333333333321,Fe0.776Cd0.224
Fe-Ga,yes,6.601723333333313,Fe0.779Ga0.221
Fe-K,yes,5.818488412698405,Fe0.779K0.221
Fe-Na,yes,7.126968888888876,Fe0.788Na0.212
Fe-Ni,yes,6.573383333333325,Fe0.785Ni0.215
Fe-Tm,yes,7.209289999999987,Fe0.782Tm0.218
Fe-Lu,yes,7.208699999999987,Fe0.788Lu0.212
Fe-Zr,yes,7.199433333333321,Fe0.783Zr0.217
Fe-Sc,yes,9.067036576479072,Fe0.003Sc0.997
Fe-Tb,yes,7.201806666666655,Fe0.780Tb0.220
Fe-Mn,yes,7.413729999999985,Fe0.776Mn0.224
Fe-W,yes,7.204233333333321,Fe0.788W0.212
Fe-Ag,yes,7.211489999999987,Fe0.786Ag0.214
Fe-Sn,yes,7.21953333333332,Fe0.782Sn0.218
Fe-In,yes,7.219773333333321,Fe0.777In0.223
Fe-Ge,yes,7.21338333333332,Fe0.783Ge0.217
Fe-Zn,yes,10.137473333333327,Fe0.777Zn0.223
Fe-Ru,yes,11.332888888888869,Fe0.927Ru0.073
Fe-Hf,yes,7.24223333333332,Fe0.786Hf0.214
Fe-Nb,yes,9.166853922535712,Fe0.003Nb0.997
Fe-Pt,yes,7.190629285714273,Fe0.786Pt0.214
Fe-Pd,yes,7.21453333333332,Fe0.779Pd0.221
Fe-Ta,yes,7.211489999999987,Fe0.783Ta0.217
Fe-Mo,yes,6.5533099999999855,Fe0.827Mo0.173
Fe-Tc,yes,9.961657990620497,Fe0.066Tc0.934
Fe-Rh,yes,7.791249999999991,Fe0.783Rh0.217
Fe-Os,yes,7.2036666666666545,Fe0.785Os0.215
Fe-Ti,yes,7.21363333333332,Fe0.778Ti0.222
Fe-Ir,yes,9.490773333333317,Fe0.785Ir0.215
Fe-Sb,yes,7.217319999999986,Fe0.776Sb0.224
Fe-Au,yes,7.214109999999987,Fe0.778Au0.222
Fe-Th,yes,7.215966666666654,Fe0.789Th0.211
Fe-Pu,yes,11.861012238224724,Fe0.023Pu0.977
Fe-Mg,yes,7.21482333333332,Fe0.776Mg0.224
Fe-U,yes,5.691313333333323,Fe0.821U0.179
Fe-Np,yes,7.211489999999987,Fe0.784Np0.216
Li-Hg,yes,12.168879303104296,Li0.991Hg0.009
Li-V,yes,12.168879303104296,Li0.993V0.007
Li-Cr,yes,12.168879303104296,Li0.994Cr0.006
Li-Re,yes,12.168879303104296,Li0.998Re0.002
Li-Nd,yes,12.168879303104296,Li0.991Nd0.009
Li-Gd,yes,12.168879303104296,Li0.995Gd0.005
Li-Yb,yes,12.168879303104296,Li0.993Yb0.007
Li-Sm,yes,12.168879303104296,Li0.993Sm0.007
Li-Eu,yes,12.168879303104296,Li0.998Eu0.002
Li-Dy,yes,12.168879303104296,Li0.996Dy0.004
Li-Ho,yes,12.168879303104296,Li0.992Ho0.008
Li-Be,yes,12.168879303104296,Li0.994Be0.006
Li-Er,yes,12.168879303104296,Li0.998Er0.002
Li-Al,yes,12.287672352647348,Li0.707Al0.293
Li-Co,yes,12.168879303104296,Li0.995Co0.005
Li-Pr,yes,12.168879303104296,Li1.000
Li-Cs,yes,12.168879303104296,Li0.992Cs0.008
Li-Rb,yes,12.168879303104296,Li0.997Rb0.003
Li-Cd,yes,12.168879303104296,Li0.997Cd0.003
Li-Ga,yes,12.168879303104296,Li1.000
Li-K,yes,12.168879303104296,Li0.991K0.009
Li-Na,yes,12.168879303104296,Li0.994Na0.006
Li-Ni,yes,12.168879303104296,Li0.991Ni0.009
Li-Tm,yes,12.168879303104296,Li0.998Tm0.002
Li-Lu,yes,12.168879303104296,Li0.999Lu0.001
Li-Zr,yes,12.210540414215409,Li0.958Zr0.042
Li-Sc,yes,12.168879303104296,Li0.995Sc0.005
Li-Tb,yes,12.168879303104296,Li0.998Tb0.002
Li-Mn,yes,12.168879303104296,Li0.994Mn0.006
Li-W,yes,12.168879303104296,Li0.996W0.004
Li-Ag,yes,12.168879303104296,Li0.996Ag0.004
Li-Sn,yes,12.168879303104296,Li0.993Sn0.007
Li-In,yes,12.168879303104296,Li0.994In0.006
Li-Ge,yes,12.168879303104296,Li0.991Ge0.009
Li-Zn,yes,12.168879303104296,Li0.992Zn0.008
Li-Ru,yes,12.138837080882075,Li0.991Ru0.009
Li-Hf,yes,14.535035769785761,Li0.660Hf0.340
Li-Nb,yes,12.168879303104296,Li1.000
Li-Pt,yes,12.168879303104296,Li0.993Pt0.007
Li-Pd,yes,12.168879303104296,Li0.991Pd0.009
Li-Ta,yes,12.168879303104296,Li0.998Ta0.002
Li-Mo,yes,12.168879303104296,Li0.999Mo0.001
Li-Tc,yes,12.168879303104296,Li0.999Tc0.001
Li-Rh,yes,12.168879303104296,Li0.999Rh0.001
Li-Os,yes,12.168879303104296,Li0.999Os0.001
Li-Ti,yes,12.168879303104296,Li0.998Ti0.002
Li-Ir,yes,12.168879303104296,Li0.999Ir0.001
Li-Sb,yes,12.168879303104296,Li0.995Sb0.005
Li-Au,yes,12.168879303104296,Li0.999Au0.001
Li-Th,yes,12.168879303104296,Li0.992Th0.008
Li-Pu,yes,12.168879303104296,Li0.998Pu0.002
Li-Mg,yes,12.168879303104296,Li0.991Mg0.009
Li-U,yes,8.886553976504972,Li0.972U0.028
Li-Np,yes,12.168879303104296,Li0.992Np0.008
Hg-V,yes,6.18223440476191,Hg0.513V0.487
Hg-Cr,yes,4.127503096237098,Hg0.988Cr0.012
Hg-Re,yes,4.621349755411252,Hg0.224Re0.776
Hg-Nd,yes,4.127503096237098,Hg0.998Nd0.002
Hg-Gd,yes,3.8703765565545596,Hg0.993Gd0.007
Hg-Yb,yes,4.132109762903764,Hg0.978Yb0.022
Hg-Sm,yes,4.127503096237098,Hg0.993Sm0.007
Hg-Eu,yes,4.127503096237098,Hg0.998Eu0.002
Hg-Dy,yes,4.127503096237098,Hg0.961Dy0.039
Hg-Ho,yes,4.134610596237097,Hg0.989Ho0.011
Hg-Be,yes,5.178527391895141,Hg0.598Be0.402
Hg-Er,yes,4.133912884596887,Hg0.994Er0.006
Hg-Al,yes,4.127503096237098,Hg0.989Al0.011
Hg-Co,yes,3.571484006290011,Hg0.980Co0.020
Hg-Pr,yes,4.1386447629037635,Hg0.994Pr0.006
Hg-Cs,yes,4.190307448449704,Hg0.853Cs0.147
Hg-Rb,yes,6.178375622775368,Hg0.564Rb0.436
Hg-Cd,yes,4.096465040681543,Hg0.995Cd0.005
Hg-Ga,yes,5.549921595167386,Hg0.037Ga0.963
Hg-K,yes,4.804509206349202,Hg0.610K0.390
Hg-Na,yes,19.051346295010553,Hg0.952Na0.048
Hg-Ni,yes,4.127503096237098,Hg0.999Ni0.001
Hg-Tm,yes,4.13558404861805,Hg0.951Tm0.049
Hg-Lu,yes,4.696029364154365,Hg0.275Lu0.725
Hg-Zr,yes,4.4861055555555485,Hg0.249Zr0.751
Hg-Sc,yes,9.081249909812405,Hg0.002Sc0.998
Hg-Tb,yes,4.127503096237098,Hg1.000
Hg-Mn,yes,4.127503096237098,Hg1.000
Hg-W,yes,4.069221215284718,Hg0.998W0.002
Hg-Ag,yes,4.264564167304923,Hg0.724Ag0.276
Hg-Sn,yes,5.088575119047609,Hg0.346Sn0.654
Hg-In,yes,4.125828096237099,Hg0.984In0.016
Hg-Ge,yes,5.283793843193846,Hg0.001Ge0.999
Hg-Zn,yes,4.127503096237098,Hg1.000
Hg-Ru,yes,4.127503096237098,Hg0.999Ru0.001
Hg-Hf,yes,4.550240106578602,Hg0.977Hf0.023
Hg-Nb,yes,9.166853922535712,Hg0.003Nb0.997
Hg-Pt,yes,4.127503096237098,Hg0.998Pt0.002
Hg-Pd,yes,4.173567523485776,Hg0.969Pd0.031
Hg-Ta,yes,4.766840802808303,Hg0.534Ta0.466
Hg-Mo,yes,4.112676096237099,Hg0.977Mo0.023
Hg-Tc,yes,9.975257990620486,Hg0.064Tc0.936
Hg-Rh,yes,4.127503096237098,Hg1.000
Hg-Os,yes,3.2415848698061227,Hg0.995Os0.005
Hg-Ti,yes,4.1555053490028495,Hg0.884Ti0.116
Hg-Ir,yes,4.127503096237098,Hg0.997Ir0.003
Hg-Sb,yes,4.550535556156813,Hg0.858Sb0.142
Hg-Au,yes,4.127503096237098,Hg0.965Au0.035
Hg-Th,yes,4.528040922956677,Hg0.876Th0.124
Hg-Pu,yes,11.861012238224724,Hg0.005Pu0.995
Hg-Mg,yes,4.127503096237098,Hg0.996Mg0.004
Hg-U,yes,0.9177706388888871,Hg0.967U0.033
Hg-Np,yes,4.127503096237098,Hg0.967Np0.033
V-Cr,yes,5.216688238392876,V0.999Cr0.001
V-Re,yes,8.427515454545492,V0.107Re0.893
V-Nd,yes,6.183001071428577,V0.486Nd0.514
V-Gd,yes,6.366834404761911,V0.486Gd0.514
V-Yb,yes,6.183001071428577,V0.486Yb0.514
V-Sm,yes,6.183001071428577,V0.486Sm0.514
V-Eu,yes,6.183001071428577,V0.486Eu0.514
V-Dy,yes,6.183001071428577,V0.486Dy0.514
V-Ho,yes,6.166501071428577,V0.486Ho0.514
V-Be,yes,6.195434404761911,V0.486Be0.514
V-Er,yes,6.183001071428577,V0.486Er0.514
V-Al,yes,13.757866666666708,V0.750Al0.250
V-Co,yes,6.167001071428576,V0.486Co0.514
V-Pr,yes,6.183001071428577,V0.486Pr0.514
V-Cs,yes,6.183001071428577,V0.486Cs0.514
V-Rb,yes,6.662300317460322,V0.551Rb0.449
V-Cd,yes,6.1725677380952435,V0.489Cd0.511
V-Ga,yes,15.034000000000011,V0.808Ga0.192
V-K,yes,5.216688238392876,V0.999K0.001
V-Na,yes,5.742214880952384,V0.470Na0.530
V-Ni,yes,4.713292976190476,V0.486Ni0.514
V-Tm,yes,6.1725677380952435,V0.488Tm0.512
V-Lu,yes,6.183001071428577,V0.486Lu0.514
V-Zr,yes,8.233029597288697,V0.791Zr0.209
V-Sc,yes,9.177629909812405,V0.004Sc0.996
V-Tb,yes,6.183001071428577,V0.486Tb0.514
V-Mn,yes,6.157415357142863,V0.487Mn0.513
V-W,yes,6.183001071428577,V0.486W0.514
V-Ag,yes,6.183001071428577,V0.486Ag0.514
V-Sn,yes,6.182601071428576,V0.487Sn0.513
V-In,yes,6.183001071428577,V0.486In0.514
V-Ge,yes,6.679987301587279,V0.714Ge0.286
V-Zn,yes,6.183001071428577,V0.486Zn0.514
V-Ru,yes,5.565893888888872,V0.535Ru0.465
V-Hf,yes,7.850659444444441,V0.698Hf0.302
V-Nb,yes,9.166853922535712,V0.003Nb0.997
V-Pt,yes,6.082111388888893,V0.486Pt0.514
V-Pd,yes,6.183001071428577,V0.486Pd0.514
V-Ta,yes,5.189587468884608,V0.998Ta0.002
V-Mo,yes,5.237313287290052,V1.000
V-Tc,yes,11.152211250000015,V0.111Tc0.889
V-Rh,yes,4.8026138888888905,V0.994Rh0.006
V-Os,yes,5.249373095238111,V0.486Os0.514
V-Ti,yes,9.789000000000033,V0.987Ti0.013
V-Ir,yes,5.237313287290052,V1.000
V-Sb,yes,6.164867738095244,V0.486Sb0.514
V-Au,yes,5.583132500000002,V0.486Au0.514
V-Th,yes,6.183001071428577,V0.486Th0.514
V-Pu,yes,11.861012238224724,V0.011Pu0.989
V-Mg,yes,5.232749206349214,V0.551Mg0.449
V-U,yes,5.116823232472869,V0.997U0.003
V-Np,yes,6.183001071428577,V0.486Np0.514
Cr-Re,yes,5.123282857142859,Cr0.604Re0.396
Cr-Nd,yes,3.5667132724867763,Cr0.044Nd0.956
Cr-Gd,yes,2.7951705343915347,Cr0.158Gd0.842
Cr-Yb,yes,2.5808435158730187,Cr0.579Yb0.421
Cr-Sm,yes,2.6034649391534384,Cr0.057Sm0.943
Cr-Eu,yes,2.7254184391534406,Cr0.017Eu0.983
Cr-Dy,yes,2.982046076719577,Cr0.057Dy0.943
Cr-Ho,yes,2.8191827962962988,Cr0.060Ho0.940
Cr-Be,yes,4.083526857142859,Cr0.578Be0.422
Cr-Er,yes,2.2768553253968244,Cr0.721Er0.279
Cr-Al,yes,2.5367596507936527,Cr0.727Al0.273
Cr-Co,yes,2.039493555555562,Cr0.999Co0.001
Cr-Pr,yes,2.039493555555562,Cr0.998Pr0.002
Cr-Cs,yes,2.64807526190476,Cr0.727Cs0.273
Cr-Rb,yes,5.769827092592584,Cr0.573Rb0.427
Cr-Cd,yes,2.039493555555562,Cr1.000
Cr-Ga,yes,5.548036637902428,Cr0.015Ga0.985
Cr-K,yes,4.544957052910047,Cr0.578K0.422
Cr-Na,yes,17.800393555555587,Cr0.946Na0.054
Cr-Ni,yes,2.38139765873016,Cr0.714Ni0.286
Cr-Tm,yes,2.973072743386245,Cr0.058Tm0.942
Cr-Lu,yes,4.5970537301587315,Cr0.043Lu0.957
Cr-Zr,yes,4.481038888888882,Cr0.252Zr0.748
Cr-Sc,yes,9.081249909812405,Cr0.006Sc0.994
Cr-Tb,yes,2.039493555555562,Cr0.993Tb0.007
Cr-Mn,yes,2.067647484126983,Cr0.723Mn0.277
Cr-W,yes,3.476168915343917,Cr0.300W0.700
Cr-Ag,yes,3.261702261904763,Cr0.720Ag0.280
Cr-Sn,yes,4.188850388888886,Cr0.324Sn0.676
Cr-In,yes,3.8299497588522633,Cr0.114In0.886
Cr-Ge,yes,5.283793843193846,Cr0.002Ge0.998
Cr-Zn,yes,2.336800626984129,Cr0.578Zn0.422
Cr-Ru,yes,3.3435133333333185,Cr0.727Ru0.273
Cr-Hf,yes,3.642460150793649,Cr0.724Hf0.276
Cr-Nb,yes,9.16598548093487,Cr0.004Nb0.996
Cr-Pt,yes,2.018080222222229,Cr0.988Pt0.012
Cr-Pd,yes,2.1060535555555617,Cr0.924Pd0.076
Cr-Ta,yes,4.40629582264957,Cr0.320Ta0.680
Cr-Mo,yes,2.1180511111111073,Cr0.699Mo0.301
Cr-Tc,yes,9.975257990620486,Cr0.064Tc0.936
Cr-Rh,yes,2.1716663888888945,Cr0.716Rh0.284
Cr-Os,yes,3.6405191111111077,Cr0.719Os0.281
Cr-Ti,yes,3.9506576190476093,Cr0.158Ti0.842
Cr-Ir,yes,2.039493555555562,Cr0.991Ir0.009
Cr-Sb,yes,4.0585855555555534,Cr0.158Sb0.842
Cr-Au,yes,2.3036924444444513,Cr0.937Au0.063
Cr-Th,yes,3.1378160793650776,Cr0.711Th0.289
Cr-Pu,yes,11.861012238224724,Cr0.002Pu0.998
Cr-Mg,yes,2.6926801111111107,Cr0.512Mg0.488
Cr-U,yes,0.8590420959595946,Cr0.057U0.943
Cr-Np,yes,3.250356679080179,Cr0.041Np0.959
Re-Nd,yes,4.31451118398268,Re0.785Nd0.215
Re-Gd,yes,4.170641992063487,Re0.726Gd0.274
Re-Yb,yes,4.330253919025417,Re0.785Yb0.215
Re-Sm,yes,4.368015030136527,Re0.788Sm0.212
Re-Eu,yes,4.344417850649347,Re0.786Eu0.214
Re-Dy,yes,4.359615030136527,Re0.785Dy0.215
Re-Ho,yes,4.320617850649348,Re0.789Ho0.211
Re-Be,yes,9.57424999999999,Re0.023Be0.977
Re-Er,yes,4.265548658730153,Re0.728Er0.272
Re-Al,yes,4.379454517316013,Re0.785Al0.215
Re-Co,yes,3.7506099339826875,Re0.872Co0.128
Re-Pr,yes,2.8885746410533932,Re0.855Pr0.145
Re-Cs,yes,4.374315030136526,Re0.789Cs0.211
Re-Rb,yes,5.763096438746428,Re0.628Rb0.372
Re-Cd,yes,4.2317135023587555,Re0.871Cd0.129
Re-Ga,yes,5.375402976998516,Re0.015Ga0.985
Re-K,yes,4.58269714285714,Re0.726K0.274
Re-Na,yes,18.38773592948719,Re0.928Na0.072
Re-Ni,yes,3.8013986587301556,Re0.728Ni0.272
Re-Tm,yes,4.359615030136527,Re0.785Tm0.215
Re-Lu,yes,4.570700396825397,Re0.004Lu0.996
Re-Zr,yes,5.708846555555538,Re0.727Zr0.273
Re-Sc,yes,9.081249909812405,Re0.004Sc0.996
Re-Tb,yes,3.8425794920634924,Re0.726Tb0.274
Re-Mn,yes,3.9854436183261144,Re0.728Mn0.272
Re-W,yes,7.199028571428562,Re0.729W0.271
Re-Ag,yes,4.426284618326115,Re0.722Ag0.278
Re-Sn,yes,4.503652850649346,Re0.789Sn0.211
Re-In,yes,4.440826848318345,Re0.786In0.214
Re-Ge,yes,5.283793843193846,Re0.004Ge0.996
Re-Zn,yes,4.032877113469865,Re0.872Zn0.128
Re-Ru,yes,3.2275553452381005,Re0.927Ru0.073
Re-Hf,yes,6.326763809523786,Re0.919Hf0.081
Re-Nb,yes,9.157913540080127,Re0.002Nb0.998
Re-Pt,yes,3.1780789238816785,Re0.927Pt0.073
Re-Pd,yes,4.329820085497839,Re0.855Pd0.145
Re-Ta,yes,5.522130952380953,Re0.728Ta0.272
Re-Mo,yes,12.663848412698407,Re0.436Mo0.564
Re-Tc,yes,9.975257990620486,Re0.063Tc0.937
Re-Rh,yes,3.92518067460317,Re0.729Rh0.271
Re-Os,yes,2.198903333333333,Re0.855Os0.145
Re-Ti,yes,6.768553222222216,Re0.814Ti0.186
Re-Ir,yes,3.454953492063493,Re0.788Ir0.212
Re-Sb,yes,4.449539838217334,Re0.726Sb0.274
Re-Au,yes,4.146560489538244,Re0.857Au0.143
Re-Th,yes,4.4927700728715685,Re0.781Th0.219
Re-Pu,yes,11.861012238224724,Re0.004Pu0.996
Re-Mg,yes,4.841919333333332,Re0.502Mg0.498
Re-U,yes,0.8379414285714271,Re0.932U0.068
Re-Np,yes,4.359615030136527,Re0.788Np0.212
Nd-Gd,yes,3.409076407407409,Nd0.999Gd0.001
Nd-Yb,yes,3.4201447407407417,Nd0.953Yb0.047
Nd-Sm,yes,3.4097697407407423,Nd0.990Sm0.010
Nd-Eu,yes,3.4097697407407423,Nd0.999Eu0.001
Nd-Dy,yes,3.4097697407407423,Nd0.960Dy0.040
Nd-Ho,yes,3.4236364074074093,Nd0.980Ho0.020
Nd-Be,yes,4.676910865079365,Nd0.578Be0.422
Nd-Er,yes,3.452233074074078,Nd0.983Er0.017
Nd-Al,yes,3.4097697407407423,Nd0.993Al0.007
Nd-Co,yes,3.4048697407407422,Nd0.999Co0.001
Nd-Pr,yes,3.4189280740740755,Nd0.994Pr0.006
Nd-Cs,yes,3.505396407407409,Nd0.993Cs0.007
Nd-Rb,yes,5.810511791005287,Nd0.550Rb0.450
Nd-Cd,yes,3.3933927962962973,Nd0.988Cd0.012
Nd-Ga,yes,5.548036637902428,Nd0.013Ga0.987
Nd-K,yes,4.5535447275132235,Nd0.627K0.373
Nd-Na,yes,17.991122253968264,Nd0.942Na0.058
Nd-Ni,yes,3.4097697407407423,Nd1.000
Nd-Tm,yes,3.4097697407407423,Nd0.979Tm0.021
Nd-Lu,yes,4.581078174603175,Nd0.019Lu0.981
Nd-Zr,yes,4.484405555555549,Nd0.251Zr0.749
Nd-Sc,yes,9.09101657647907,Nd0.014Sc0.986
Nd-Tb,yes,3.4097697407407423,Nd0.998Tb0.002
Nd-Mn,yes,3.058652412698413,Nd0.999Mn0.001
Nd-W,yes,3.6393285185185174,Nd0.304W0.696
Nd-Ag,yes,3.6727467777777854,Nd0.723Ag0.277
Nd-Sn,yes,4.597818000000001,Nd0.473Sn0.527
Nd-In,yes,3.70485842460318,Nd0.763In0.237
Nd-Ge,yes,5.283793843193846,Ge1.000
Nd-Zn,yes,3.4097697407407423,Nd0.998Zn0.002
Nd-Ru,yes,3.4097697407407423,Nd0.999Ru0.001
Nd-Hf,yes,4.03193312169312,Nd0.918Hf0.082
Nd-Nb,yes,9.157913540080127,Nd0.002Nb0.998
Nd-Pt,yes,3.4097697407407423,Nd0.998Pt0.002
Nd-Pd,yes,3.830907129629636,Nd0.831Pd0.169
Nd-Ta,yes,4.7034847115384615,Nd0.534Ta0.466
Nd-Mo,yes,3.6466733597883647,Nd0.843Mo0.157
Nd-Tc,yes,9.966524657287165,Nd0.077Tc0.923
Nd-Rh,yes,3.4097697407407423,Nd1.000
Nd-Os,yes,3.1648324867724895,Nd0.999Os0.001
Nd-Ti,yes,3.66828751851852,Nd0.758Ti0.242
Nd-Ir,yes,3.4097697407407423,Nd0.997Ir0.003
Nd-Sb,yes,4.3455138888888944,Nd0.760Sb0.240
Nd-Au,yes,3.5211290000000033,Nd0.961Au0.039
Nd-Th,yes,3.8950597089947108,Nd0.751Th0.249
Nd-Pu,yes,11.861012238224724,Nd0.046Pu0.954
Nd-Mg,yes,3.41067251851852,Nd0.982Mg0.018
Nd-U,yes,1.2691388412698417,Nd0.963U0.037
Nd-Np,yes,3.4097697407407423,Nd0.959Np0.041
Gd-Yb,yes,2.6370341455026445,Gd0.578Yb0.422
Gd-Sm,yes,2.518338748677247,Gd0.614Sm0.386
Gd-Eu,yes,2.605355383597882,Eu1.000
Gd-Dy,yes,2.818251392653641,Dy1.000
Gd-Ho,yes,2.6558726955636947,Gd0.001Ho0.999
Gd-Be,yes,4.476275605616602,Gd0.588Be0.412
Gd-Er,yes,2.5448493042328044,Gd0.984Er0.016
Gd-Al,yes,2.943929796296301,Gd0.835Al0.165
Gd-Co,yes,2.4349365447700437,Gd0.998Co0.002
Gd-Pr,yes,2.4529615447700435,Gd0.988Pr0.012
Gd-Cs,yes,2.9223905262515264,Gd0.802Cs0.198
Gd-Rb,yes,5.938046491859985,Gd0.568Rb0.432
Gd-Cd,yes,2.637793939153437,Gd0.849Cd0.151
Gd-Ga,yes,5.328894960907653,Gd0.043Ga0.957
Gd-K,yes,4.518269706145702,Gd0.634K0.366
Gd-Na,yes,17.272821954822955,Gd0.944Na0.056
Gd-Ni,yes,3.1324669047619085,Gd0.618Ni0.382
Gd-Tm,yes,2.7998847259869755,Tm1.000
Gd-Lu,yes,4.562373730158732,Gd0.004Lu0.996
Gd-Zr,yes,4.469994444444438,Gd0.249Zr0.751
Gd-Sc,yes,9.081249909812405,Gd0.004Sc0.996
Gd-Tb,yes,2.4384032114367105,Gd0.999Tb0.001
Gd-Mn,yes,2.4384032114367105,Gd1.000
Gd-W,yes,3.4637883597883614,Gd0.304W0.696
Gd-Ag,yes,3.4886172142857195,Gd0.722Ag0.278
Gd-Sn,yes,4.595025500000002,Gd0.492Sn0.508
Gd-In,yes,3.4930929652014653,Gd0.493In0.507
Gd-Ge,yes,5.283793843193846,Ge1.000
Gd-Zn,yes,2.529800917785915,Gd0.618Zn0.382
Gd-Ru,yes,2.490117777777775,Gd0.733Ru0.267
Gd-Hf,yes,3.785292857142856,Gd0.602Hf0.398
Gd-Nb,yes,9.169269848319395,Gd0.003Nb0.997
Gd-Pt,yes,2.4384032114367105,Gd1.000
Gd-Pd,yes,3.4641224074074124,Gd0.832Pd0.168
Gd-Ta,yes,4.71524471153846,Gd0.533Ta0.467
Gd-Mo,yes,3.4019392063492044,Gd0.792Mo0.208
Gd-Tc,yes,9.975257990620486,Gd0.063Tc0.937
Gd-Rh,yes,2.8805033333333347,Gd0.722Rh0.278
Gd-Os,yes,2.7439698650793645,Gd0.798Os0.202
Gd-Ti,yes,3.445128256410252,Gd0.172Ti0.828
Gd-Ir,yes,2.4384032114367105,Gd0.996Ir0.004
Gd-Sb,yes,4.024723333333337,Gd0.735Sb0.265
Gd-Au,yes,3.0819791984127,Gd0.848Au0.152
Gd-Th,yes,3.4740248280423254,Gd0.757Th0.243
Gd-Pu,yes,11.861012238224724,Gd0.020Pu0.980
Gd-Mg,yes,2.8135459574684596,Gd0.640Mg0.360
Gd-U,yes,1.0349876911976885,Gd0.503U0.497
Gd-Np,yes,3.1194592966015446,Gd0.001Np0.999
Yb-Sm,yes,2.4432333320105784,Yb0.006Sm0.994
Yb-Eu,yes,2.62106353174603,Yb0.048Eu0.952
Yb-Dy,yes,2.823851392653641,Yb0.030Dy0.970
Yb-Ho,yes,2.656566028897028,Yb0.028Ho0.972
Yb-Be,yes,4.3098953492063465,Yb0.449Be0.551
Yb-Er,yes,2.080842883597884,Yb0.047Er0.953
Yb-Al,yes,2.1473000000000018,Yb0.700Al0.300
Yb-Co,yes,1.6016841666666701,Yb1.000
Yb-Pr,yes,1.6199758333333372,Yb0.993Pr0.007
Yb-Cs,yes,2.555412849206347,Yb0.500Cs0.500
Yb-Rb,yes,5.449294259259251,Yb0.582Rb0.418
Yb-Cd,yes,1.7714716666666697,Yb0.921Cd0.079
Yb-Ga,yes,5.548036637902428,Yb0.040Ga0.960
Yb-K,yes,4.390222195767188,Yb0.624K0.376
Yb-Na,yes,17.640736388888886,Yb0.947Na0.053
Yb-Ni,yes,2.3372255555555586,Yb0.423Ni0.577
Yb-Tm,yes,2.7998847259869755,Yb0.014Tm0.986
Yb-Lu,yes,4.5721670634920635,Yb0.065Lu0.935
Yb-Zr,yes,4.4861055555555485,Yb0.249Zr0.751
Yb-Sc,yes,9.081249909812405,Yb0.005Sc0.995
Yb-Tb,yes,1.7098296613756596,Yb0.018Tb0.982
Yb-Mn,yes,1.942961222222222,Yb0.500Mn0.500
Yb-W,yes,3.7057794708994676,Yb0.300W0.700
Yb-Ag,yes,2.5942316666666674,Yb0.724Ag0.276
Yb-Sn,yes,4.594808555555556,Yb0.474Sn0.526
Yb-In,yes,3.8841312667887693,Yb0.100In0.900
Yb-Ge,yes,5.283793843193846,Yb0.003Ge0.997
Yb-Zn,yes,1.92553242063492,Yb0.522Zn0.478
Yb-Ru,yes,2.1026414682539687,Yb0.500Ru0.500
Yb-Hf,yes,3.497419523809527,Yb0.488Hf0.512
Yb-Nb,yes,9.157913540080127,Yb0.001Nb0.999
Yb-Pt,yes,1.6270390873015912,Yb0.973Pt0.027
Yb-Pd,yes,2.551490555555556,Yb0.830Pd0.170
Yb-Ta,yes,4.69790926709401,Yb0.427Ta0.573
Yb-Mo,yes,3.789908253968256,Yb0.702Mo0.298
Yb-Tc,yes,9.975257990620486,Yb0.064Tc0.936
Yb-Rh,yes,2.72202777777778,Yb0.665Rh0.335
Yb-Os,yes,2.020640341269842,Yb0.797Os0.203
Yb-Ti,yes,3.799242999999996,Yb0.174Ti0.826
Yb-Ir,yes,1.6016841666666701,Yb0.990Ir0.010
Yb-Sb,yes,4.099426507936506,Yb0.172Sb0.828
Yb-Au,yes,2.3786967460317445,Yb0.886Au0.114
Yb-Th,yes,2.699469999999995,Yb0.707Th0.293
Yb-Pu,yes,11.861012238224724,Yb0.005Pu0.995
Yb-Mg,yes,2.7426310185185185,Yb0.500Mg0.500
Yb-U,yes,0.8611064325489309,Yb0.057U0.943
Yb-Np,yes,3.125119296601545,Yb0.020Np0.980
Sm-Eu,yes,2.605355383597882,Sm0.006Eu0.994
Sm-Dy,yes,2.818251392653641,Sm0.005Dy0.995
Sm-Ho,yes,2.656566028897028,Sm0.006Ho0.994
Sm-Be,yes,4.372936142857139,Sm0.587Be0.413
Sm-Er,yes,2.524006665343913,Sm0.981Er0.019
Sm-Al,yes,2.799120000000002,Sm0.831Al0.169
Sm-Co,yes,2.4397666653439116,Sm0.998Co0.002
Sm-Pr,yes,2.4432333320105784,Sm0.997Pr0.003
Sm-Cs,yes,2.7413039801587273,Sm0.800Cs0.200
Sm-Rb,yes,5.759719291005285,Sm0.550Rb0.450
Sm-Cd,yes,2.5607170224867684,Sm0.927Cd0.073
Sm-Ga,yes,5.527883560979351,Sm0.015Ga0.985
Sm-K,yes,4.5225547275132225,Sm0.628K0.372
Sm-Na,yes,18.148523642857164,Sm0.931Na0.069
Sm-Ni,yes,2.4432333320105784,Sm0.999Ni0.001
Sm-Tm,yes,2.7998847259869755,Sm0.001Tm0.999
Sm-Lu,yes,4.570700396825397,Sm0.005Lu0.995
Sm-Zr,yes,4.4861055555555485,Sm0.249Zr0.751
Sm-Sc,yes,9.081249909812405,Sm0.001Sc0.999
Sm-Tb,yes,2.4432333320105784,Sm0.999Tb0.001
Sm-Mn,yes,2.4432333320105784,Sm1.000
Sm-W,yes,3.6712028042328004,Sm0.300W0.700
Sm-Ag,yes,3.2942387023809543,Sm0.724Ag0.276
Sm-Sn,yes,4.5797568888888875,Sm0.474Sn0.526
Sm-In,yes,3.6721253144078143,Sm0.114In0.886
Sm-Ge,yes,5.283793843193846,Sm0.003Ge0.997
Sm-Zn,yes,2.4432333320105784,Sm0.999Zn0.001
Sm-Ru,yes,2.4432333320105784,Sm0.999Ru0.001
Sm-Hf,yes,3.552531746031747,Sm0.596Hf0.404
Sm-Nb,yes,9.149116318791744,Sm0.005Nb0.995
Sm-Pt,yes,2.4432333320105784,Sm0.999Pt0.001
Sm-Pd,yes,3.3866468518518555,Sm0.831Pd0.169
Sm-Ta,yes,4.66040471153846,Sm0.535Ta0.465
Sm-Mo,yes,3.1893416666666634,Sm0.782Mo0.218
Sm-Tc,yes,9.975257990620486,Sm0.064Tc0.936
Sm-Rh,yes,2.6910222222222244,Sm0.716Rh0.284
Sm-Os,yes,2.440835956349204,Sm0.798Os0.202
Sm-Ti,yes,3.646862952380944,Sm0.160Ti0.840
Sm-Ir,yes,2.4432333320105784,Sm0.991Ir0.009
Sm-Sb,yes,4.115743174603172,Sm0.170Sb0.830
Sm-Au,yes,2.9435704484126974,Sm0.875Au0.125
Sm-Th,yes,3.560667050264546,Sm0.783Th0.217
Sm-Pu,yes,11.861012238224724,Sm0.045Pu0.955
Sm-Mg,yes,2.6824976851851843,Sm0.500Mg0.500
Sm-U,yes,0.8611064325489309,Sm0.056U0.944
Sm-Np,yes,3.119519296601545,Sm0.004Np0.996
Eu-Dy,yes,2.818251392653641,Eu0.003Dy0.997
Eu-Ho,yes,2.656566028897028,Eu0.004Ho0.996
Eu-Be,yes,4.499478253968252,Eu0.589Be0.411
Eu-Er,yes,2.6852687169312164,Eu0.982Er0.018
Eu-Al,yes,2.9226292724867746,Eu0.949Al0.051
Eu-Co,yes,2.3422682407407414,Eu0.969Co0.031
Eu-Pr,yes,2.6136803835978824,Eu0.992Pr0.008
Eu-Cs,yes,2.9182387169312163,Eu0.803Cs0.197
Eu-Rb,yes,5.782793055555549,Eu0.556Rb0.444
Eu-Cd,yes,2.6896884391534375,Eu0.922Cd0.078
Eu-Ga,yes,5.521975874013539,Eu0.043Ga0.957
Eu-K,yes,4.5610613624338585,Eu0.615K0.385
Eu-Na,yes,18.2412026851852,Eu0.927Na0.073
Eu-Ni,yes,2.605355383597882,Eu0.999Ni0.001
Eu-Tm,yes,2.7998847259869755,Eu0.002Tm0.998
Eu-Lu,yes,4.570700396825397,Eu0.002Lu0.998
Eu-Zr,yes,4.4861055555555485,Eu0.249Zr0.751
Eu-Sc,yes,9.081249909812405,Eu0.001Sc0.999
Eu-Tb,yes,2.5934068650793636,Eu0.996Tb0.004
Eu-Mn,yes,2.085210462962961,Eu0.983Mn0.017
Eu-W,yes,3.640792804232802,Eu0.300W0.700
Eu-Ag,yes,3.378941031746034,Eu0.722Ag0.278
Eu-Sn,yes,4.540785222222221,Eu0.473Sn0.527
Eu-In,yes,3.6915719810744827,Eu0.112In0.888
Eu-Ge,yes,5.283793843193846,Eu0.002Ge0.998
Eu-Zn,yes,2.605355383597882,Eu0.997Zn0.003
Eu-Ru,yes,2.4320587169312167,Eu0.994Ru0.006
Eu-Hf,yes,3.6945755158730154,Eu0.679Hf0.321
Eu-Nb,yes,9.16598548093487,Eu0.004Nb0.996
Eu-Pt,yes,2.605355383597882,Eu0.997Pt0.003
Eu-Pd,yes,3.3940176851851893,Eu0.831Pd0.169
Eu-Ta,yes,4.644551378205123,Eu0.324Ta0.676
Eu-Mo,yes,3.2083643518518494,Eu0.791Mo0.209
Eu-Tc,yes,9.961657990620497,Eu0.073Tc0.927
Eu-Rh,yes,2.752371111111113,Eu0.717Rh0.283
Eu-Os,yes,2.49691173015873,Eu0.795Os0.205
Eu-Ti,yes,3.637277923076918,Eu0.173Ti0.827
Eu-Ir,yes,2.605355383597882,Eu0.994Ir0.006
Eu-Sb,yes,4.069876507936507,Eu0.172Sb0.828
Eu-Au,yes,2.9974341666666677,Eu0.884Au0.116
Eu-Th,yes,3.682346574074072,Eu0.760Th0.240
Eu-Pu,yes,11.861012238224724,Eu0.046Pu0.954
Eu-Mg,yes,2.777159351851852,Eu0.643Mg0.357
Eu-U,yes,0.860926432548931,Eu0.055U0.945
Eu-Np,yes,3.119519296601545,Eu0.004Np0.996
Dy-Ho,yes,2.8362847259869746,Dy0.982Ho0.018
Dy-Be,yes,4.582262272283268,Dy0.580Be0.420
Dy-Er,yes,2.9280930410052908,Dy0.982Er0.018
Dy-Al,yes,3.1681589140211646,Dy0.949Al0.051
Dy-Co,yes,2.818251392653641,Dy1.000
Dy-Pr,yes,2.8366097259869747,Dy0.991Pr0.009
Dy-Cs,yes,3.087312516992265,Dy0.818Cs0.182
Dy-Rb,yes,5.849889732600727,Dy0.557Rb0.443
Dy-Cd,yes,2.9291014933862405,Dy0.918Cd0.082
Dy-Ga,yes,5.548036637902428,Dy0.041Ga0.959
Dy-K,yes,4.573809983923479,Dy0.610K0.390
Dy-Na,yes,18.327294084452596,Dy0.946Na0.054
Dy-Ni,yes,2.818251392653641,Dy0.999Ni0.001
Dy-Tm,yes,2.829051392653641,Dy0.944Tm0.056
Dy-Lu,yes,4.597067063492063,Dy0.254Lu0.746
Dy-Zr,yes,4.4861055555555485,Dy0.249Zr0.751
Dy-Sc,yes,9.081249909812405,Dy0.006Sc0.994
Dy-Tb,yes,2.8170747259869744,Dy0.998Tb0.002
Dy-Mn,yes,2.3497409693732165,Dy0.999Mn0.001
Dy-W,yes,3.7660028042328,Dy0.303W0.697
Dy-Ag,yes,3.6152246547619096,Dy0.723Ag0.277
Dy-Sn,yes,4.643721888888888,Dy0.474Sn0.526
Dy-In,yes,3.9753219810744858,Dy0.114In0.886
Dy-Ge,yes,5.283793843193846,Ge1.000
Dy-Zn,yes,2.818251392653641,Dy0.999Zn0.001
Dy-Ru,yes,2.5980234164631657,Dy0.996Ru0.004
Dy-Hf,yes,3.6971133994708976,Dy0.674Hf0.326
Dy-Nb,yes,9.102699008612884,Dy0.010Nb0.990
Dy-Pt,yes,2.818251392653641,Dy0.998Pt0.002
Dy-Pd,yes,3.692494259259264,Dy0.830Pd0.170
Dy-Ta,yes,4.722292600427344,Dy0.427Ta0.573
Dy-Mo,yes,3.48396189814815,Dy0.840Mo0.160
Dy-Tc,yes,9.975257990620486,Dy0.064Tc0.936
Dy-Rh,yes,2.7597111111111134,Dy0.718Rh0.282
Dy-Os,yes,2.5452742896825384,Dy0.796Os0.204
Dy-Ti,yes,3.9117365897435867,Dy0.173Ti0.827
Dy-Ir,yes,2.818251392653641,Dy0.996Ir0.004
Dy-Sb,yes,4.18940984126984,Dy0.174Sb0.826
Dy-Au,yes,3.158457115079365,Dy0.900Au0.100
Dy-Th,yes,3.815692235449735,Dy0.760Th0.240
Dy-Pu,yes,11.861012238224724,Dy0.041Pu0.959
Dy-Mg,yes,2.8947657259869763,Dy0.643Mg0.357
Dy-U,yes,0.8766560634920616,Dy0.967U0.033
Dy-Np,yes,3.119519296601545,Dy0.372Np0.628
Ho-Be,yes,4.439747510378507,Ho0.583Be0.417
Ho-Er,yes,2.767065772486774,Ho0.984Er0.016
Ho-Al,yes,2.9872926666666717,Ho0.834Al0.166
Ho-Co,yes,2.6533993622303615,Ho0.999Co0.001
Ho-Pr,yes,2.6657243622303612,Ho0.991Pr0.009
Ho-Cs,yes,2.94959381990232,Ho0.854Cs0.146
Ho-Rb,yes,5.798144547415544,Ho0.575Rb0.425
Ho-Cd,yes,2.741316129629629,Ho0.916Cd0.084
Ho-Ga,yes,5.549290341606132,Ho0.021Ga0.979
Ho-K,yes,4.533116650590147,Ho0.611K0.389
Ho-Na,yes,18.018348899267394,Ho0.947Na0.053
Ho-Ni,yes,2.656566028897028,Ho0.999Ni0.001
Ho-Tm,yes,2.8179180593203093,Ho0.020Tm0.980
Ho-Lu,yes,4.58453373015873,Ho0.013Lu0.987
Ho-Zr,yes,4.4861055555555485,Ho0.249Zr0.751
Ho-Sc,yes,9.081249909812405,Ho0.002Sc0.998
Ho-Tb,yes,2.6567260288970282,Ho0.998Tb0.002
Ho-Mn,yes,2.656566028897028,Ho1.000
Ho-W,yes,3.6950728042328023,Ho0.302W0.698
Ho-Ag,yes,3.423854476190482,Ho0.723Ag0.277
Ho-Sn,yes,4.5093035555555545,Ho0.473Sn0.527
Ho-In,yes,3.7378653144078196,Ho0.114In0.886
Ho-Ge,yes,5.283793843193846,Ho0.004Ge0.996
Ho-Zn,yes,2.3611257193732165,Ho0.599Zn0.401
Ho-Ru,yes,2.656566028897028,Ho1.000
Ho-Hf,yes,3.692800066137566,Ho0.765Hf0.235
Ho-Nb,yes,9.16598548093487,Ho0.004Nb0.996
Ho-Pt,yes,2.656566028897028,Ho0.996Pt0.004
Ho-Pd,yes,3.491752407407414,Ho0.831Pd0.169
Ho-Ta,yes,4.651678044871795,Ho0.551Ta0.449
Ho-Mo,yes,3.3773433333333327,Ho0.791Mo0.209
Ho-Tc,yes,9.975257990620486,Ho0.063Tc0.937
Ho-Rh,yes,2.8003111111111125,Ho0.715Rh0.285
Ho-Os,yes,2.6017255396825396,Ho0.795Os0.205
Ho-Ti,yes,3.704886589743588,Ho0.173Ti0.827
Ho-Ir,yes,2.656566028897028,Ho0.997Ir0.003
Ho-Sb,yes,4.075176507936507,Ho0.174Sb0.826
Ho-Au,yes,3.114017888888889,Ho0.875Au0.125
Ho-Th,yes,3.653433716931216,Ho0.751Th0.249
Ho-Pu,yes,11.861012238224724,Ho0.005Pu0.995
Ho-Mg,yes,2.710974608262109,Ho0.502Mg0.498
Ho-U,yes,0.8607827301587283,Ho0.968U0.032
Ho-Np,yes,3.137552629934878,Ho0.021Np0.979
Be-Er,yes,4.138036388888885,Be0.426Er0.574
Be-Al,yes,5.658861111111112,Be0.752Al0.248
Be-Co,yes,3.1093743313353315,Be0.982Co0.018
Be-Pr,yes,3.1826091091131086,Be0.987Pr0.013
Be-Cs,yes,4.267249515873012,Be0.567Cs0.433
Be-Rb,yes,6.454074370370359,Be0.573Rb0.427
Be-Cd,yes,3.24597677777778,Be0.821Cd0.179
Be-Ga,yes,5.548036637902428,Be0.013Ga0.987
Be-K,yes,4.958055640211633,Be0.626K0.374
Be-Na,yes,17.058377896825412,Be0.947Na0.053
Be-Ni,yes,3.0687356048396035,Be0.984Ni0.016
Be-Tm,yes,4.563362272283269,Be0.416Tm0.584
Be-Lu,yes,4.597067063492063,Be0.252Lu0.748
Be-Zr,yes,4.4861055555555485,Be0.249Zr0.751
Be-Sc,yes,9.081249909812405,Be0.003Sc0.997
Be-Tb,yes,3.3279812222222214,Be0.424Tb0.576
Be-Mn,yes,3.746200388888883,Be0.543Mn0.457
Be-W,yes,4.7351316666666605,Be0.360W0.640
Be-Ag,yes,4.7876700396825385,Be0.644Ag0.356
Be-Sn,yes,5.357521055555555,Be0.479Sn0.521
Be-In,yes,4.988636298534803,Be0.401In0.599
Be-Ge,yes,5.283793843193846,Be0.004Ge0.996
Be-Zn,yes,3.7661154761904725,Be0.612Zn0.388
Be-Ru,yes,3.4035358333333323,Be0.627Ru0.373
Be-Hf,yes,4.756612857142852,Be0.598Hf0.402
Be-Nb,yes,9.166853922535712,Be0.003Nb0.997
Be-Pt,yes,3.1826091091131086,Be0.989Pt0.011
Be-Pd,yes,4.0656793333333345,Be0.792Pd0.208
Be-Ta,yes,5.141244981379727,Be0.325Ta0.675
Be-Mo,yes,3.9245911666666666,Be0.778Mo0.222
Be-Tc,yes,9.975257990620486,Be0.064Tc0.936
Be-Rh,yes,3.6536839444444444,Be0.722Rh0.278
Be-Os,yes,6.385083333333306,Be0.795Os0.205
Be-Ti,yes,4.776306700854695,Be0.423Ti0.577
Be-Ir,yes,3.0783624424464415,Be0.995Ir0.005
Be-Sb,yes,4.7939788888888915,Be0.654Sb0.346
Be-Au,yes,3.5497710000000016,Be0.771Au0.229
Be-Th,yes,4.834133333333336,Be0.655Th0.345
Be-Pu,yes,11.861012238224724,Be0.015Pu0.985
Be-Mg,yes,4.339100317460317,Be0.644Mg0.356
Be-U,yes,0.860926432548931,Be0.055U0.945
Be-Np,yes,4.736428112739111,Be0.414Np0.586
Er-Al,yes,2.5261316666666684,Er0.831Al0.169
Er-Co,yes,2.060874966931217,Er0.999Co0.001
Er-Pr,yes,2.069774966931217,Er0.991Pr0.009
Er-Cs,yes,2.435057559523807,Er0.794Cs0.206
Er-Rb,yes,5.576324457671953,Er0.584Rb0.416
Er-Cd,yes,2.203661990740739,Er0.920Cd0.080
Er-Ga,yes,5.548036637902428,Er0.029Ga0.971
Er-K,yes,4.452041838624333,Er0.630K0.370
Er-Na,yes,17.87232436507938,Er0.926Na0.074
Er-Ni,yes,2.30227632936508,Er0.658Ni0.342
Er-Tm,yes,2.9114263743386255,Er0.019Tm0.981
Er-Lu,yes,4.5935870634920635,Er0.004Lu0.996
Er-Zr,yes,4.4861055555555485,Er0.249Zr0.751
Er-Sc,yes,9.081249909812405,Er0.002Sc0.998
Er-Tb,yes,2.064841633597884,Er0.999Tb0.001
Er-Mn,yes,1.68611755952381,Er0.976Mn0.024
Er-W,yes,3.4752200264550264,Er0.303W0.697
Er-Ag,yes,2.963698392857142,Er0.723Ag0.277
Er-Sn,yes,4.362075111111107,Er0.473Sn0.527
Er-In,yes,3.600785069772827,Er0.029In0.971
Er-Ge,yes,5.283793843193846,Er0.001Ge0.999
Er-Zn,yes,2.064841633597884,Er0.999Zn0.001
Er-Ru,yes,2.041428333333333,Er0.733Ru0.267
Er-Hf,yes,3.5106789682539685,Er0.594Hf0.406
Er-Nb,yes,9.16598548093487,Er0.004Nb0.996
Er-Pt,yes,2.064841633597884,Er0.996Pt0.004
Er-Pd,yes,3.016677962962964,Er0.831Pd0.169
Er-Ta,yes,4.59679304487179,Er0.323Ta0.677
Er-Mo,yes,3.0489304761904803,Er0.686Mo0.314
Er-Tc,yes,9.966524657287165,Er0.076Tc0.924
Er-Rh,yes,2.6485050000000023,Er0.665Rh0.335
Er-Os,yes,2.3029670674603167,Er0.796Os0.204
Er-Ti,yes,3.300041222222214,Er0.174Ti0.826
Er-Ir,yes,2.064841633597884,Er0.997Ir0.003
Er-Sb,yes,3.9052915079365045,Er0.171Sb0.829
Er-Au,yes,2.7267906150793637,Er0.886Au0.114
Er-Th,yes,3.1600979629629586,Er0.704Th0.296
Er-Pu,yes,11.861012238224724,Er0.006Pu0.994
Er-Mg,yes,2.6355176851851847,Er0.505Mg0.495
Er-U,yes,0.8611064325489309,Er0.057U0.943
Er-Np,yes,3.209160944953194,Er0.020Np0.980
Al-Co,yes,1.4967435339105342,Al0.922Co0.078
Al-Pr,yes,1.1900811471216657,Al0.996Pr0.004
Al-Cs,yes,2.516646944444447,Al0.165Cs0.835
Al-Rb,yes,5.529492722462721,Al0.550Rb0.450
Al-Cd,yes,1.8253645656565671,Al0.922Cd0.078
Al-Ga,yes,5.532898458415249,Al0.048Ga0.952
Al-K,yes,4.3585100529100504,Al0.571K0.429
Al-Na,yes,17.597238902138447,Al0.930Na0.070
Al-Ni,yes,2.103186944444445,Al0.300Ni0.700
Al-Tm,yes,3.158232247354499,Al0.051Tm0.949
Al-Lu,yes,4.741890079365082,Al0.051Lu0.949
Al-Zr,yes,4.487138888888882,Al0.250Zr0.750
Al-Sc,yes,9.081249909812405,Al0.005Sc0.995
Al-Tb,yes,2.0913430502645487,Al0.098Tb0.902
Al-Mn,yes,1.3966504444444447,Al0.759Mn0.241
Al-W,yes,3.4548950000000067,Al0.253W0.747
Al-Ag,yes,2.74745322751323,Al0.703Ag0.297
Al-Sn,yes,4.128363833333337,Al0.315Sn0.685
Al-In,yes,3.841345433455439,Al0.100In0.900
Al-Ge,yes,5.283793843193846,Al0.005Ge0.995
Al-Zn,yes,2.054739060846563,Al0.681Zn0.319
Al-Ru,yes,2.0023475925925953,Al0.715Ru0.285
Al-Hf,yes,3.0879545238095285,Al0.445Hf0.555
Al-Nb,yes,17.975138888888846,Al0.163Nb0.837
Al-Pt,yes,1.338926342976467,Al0.922Pt0.078
Al-Pd,yes,2.411836956589708,Al0.791Pd0.209
Al-Ta,yes,4.400765626145286,Al0.009Ta0.991
Al-Mo,yes,2.9402515873015926,Al0.686Mo0.314
Al-Tc,yes,9.975257990620486,Al0.064Tc0.936
Al-Rh,yes,2.22260716690717,Al0.715Rh0.285
Al-Os,yes,1.9933084208754213,Al0.760Os0.240
Al-Ti,yes,2.559599333333339,Al0.219Ti0.781
Al-Ir,yes,1.2508468333333338,Al0.715Ir0.285
Al-Sb,yes,4.192902222222221,Al0.160Sb0.840
Al-Au,yes,2.2015245563973074,Al0.921Au0.079
Al-Th,yes,2.268593255291006,Al0.756Th0.244
Al-Pu,yes,11.861012238224724,Al0.017Pu0.983
Al-Mg,yes,3.699834040404045,Al0.503Mg0.497
Al-U,yes,0.860926432548931,Al0.055U0.945
Al-Np,yes,3.4287001513024014,Al0.051Np0.949
Co-Pr,yes,0.9452663280423267,Pr1.000
Co-Cs,yes,1.8558860502645511,Co0.029Cs0.971
Co-Rb,yes,5.214205291005282,Co0.550Rb0.450
Co-Cd,yes,0.9572830555555546,Co0.935Cd0.065
Co-Ga,yes,5.304505960071,Co0.019Ga0.981
Co-K,yes,4.298424338624333,Co0.616K0.384
Co-Na,yes,17.09493603174605,Co0.935Na0.065
Co-Ni,yes,1.4655966666666673,Co0.426Ni0.574
Co-Tm,yes,2.529951447089948,Co0.029Tm0.971
Co-Lu,yes,4.569533730158731,Co0.002Lu0.998
Co-Zr,yes,4.440881666666657,Co0.251Zr0.749
Co-Sc,yes,9.081249909812405,Sc1.000
Co-Tb,yes,1.7098296613756596,Tb1.000
Co-Mn,yes,1.1068328835978845,Co0.498Mn0.502
Co-W,yes,2.34980666666667,Co0.215W0.785
Co-Ag,yes,1.5655838095238102,Co0.664Ag0.336
Co-Sn,yes,4.055296940452369,Co0.002Sn0.998
Co-In,yes,3.5955514850427424,Co0.114In0.886
Co-Ge,yes,5.266793843193844,Co0.001Ge0.999
Co-Zn,yes,1.2851890873015883,Co0.512Zn0.488
Co-Ru,yes,1.3549985185185214,Co0.476Ru0.524
Co-Hf,yes,2.424859523809527,Co0.478Hf0.522
Co-Nb,yes,9.166853922535712,Co0.003Nb0.997
Co-Pt,yes,0.9601714744607244,Co0.670Pt0.330
Co-Pd,yes,1.5739291666666673,Co0.029Pd0.971
Co-Ta,yes,4.378927799082366,Co0.001Ta0.999
Co-Mo,yes,8.86137722222222,Co0.255Mo0.745
Co-Tc,yes,9.975257990620486,Co0.063Tc0.937
Co-Rh,yes,1.8847900000000024,Co0.666Rh0.334
Co-Os,yes,1.1979822539682545,Co0.734Os0.266
Co-Ti,yes,3.7132749999999874,Co0.153Ti0.847
Co-Ir,yes,0.7785330555555557,Co0.716Ir0.284
Co-Sb,yes,3.4757807936507947,Co0.140Sb0.860
Co-Au,yes,1.7148900000000045,Co0.498Au0.502
Co-Th,yes,3.099925317460308,Co0.495Th0.505
Co-Pu,yes,11.861012238224724,Co0.022Pu0.978
Co-Mg,yes,3.4214242857142874,Co0.447Mg0.553
Co-U,yes,1.3055823473389325,Co0.965U0.035
Co-Np,yes,3.119519296601545,Np1.000
Pr-Cs,yes,2.0283320224867727,Pr0.006Cs0.994
Pr-Rb,yes,5.136654092592586,Pr0.583Rb0.417
Pr-Cd,yes,1.0544082724867712,Pr0.867Cd0.133
Pr-Ga,yes,5.4995329139967035,Pr0.016Ga0.984
Pr-K,yes,4.0027464338624315,Pr0.634K0.366
Pr-Na,yes,17.140148603174605,Pr0.944Na0.056
Pr-Ni,yes,1.1906278174603149,Pr0.430Ni0.570
Pr-Tm,yes,2.8133097259869753,Pr0.009Tm0.991
Pr-Lu,yes,4.570700396825397,Pr0.005Lu0.995
Pr-Zr,yes,4.454805555555549,Pr0.249Zr0.751
Pr-Sc,yes,9.081249909812405,Pr0.003Sc0.997
Pr-Tb,yes,1.7227213280423264,Pr0.009Tb0.991
Pr-Mn,yes,0.8581311428571425,Pr0.999Mn0.001
Pr-W,yes,1.67471165343915,Pr0.304W0.696
Pr-Ag,yes,1.528188015873014,Pr0.659Ag0.341
Pr-Sn,yes,4.055296940452369,Pr0.001Sn0.999
Pr-In,yes,3.4847853649267373,Pr0.002In0.998
Pr-Ge,yes,5.283793843193846,Pr0.005Ge0.995
Pr-Zn,yes,0.9517398280423263,Pr0.597Zn0.403
Pr-Ru,yes,1.2281314682539675,Pr0.535Ru0.465
Pr-Hf,yes,2.2019174999999995,Pr0.596Hf0.404
Pr-Nb,yes,9.157913540080127,Pr0.001Nb0.999
Pr-Pt,yes,0.9452663280423267,Pr0.995Pt0.005
Pr-Pd,yes,1.4755867857142877,Pr0.008Pd0.992
Pr-Ta,yes,4.400765626145286,Pr0.010Ta0.990
Pr-Mo,yes,2.8307038095238135,Pr0.685Mo0.315
Pr-Tc,yes,9.961657990620497,Pr0.070Tc0.930
Pr-Rh,yes,1.0110532539682533,Pr0.724Rh0.276
Pr-Os,yes,0.9829021428571421,Pr0.807Os0.193
Pr-Ti,yes,1.8816307222222193,Pr0.151Ti0.849
Pr-Ir,yes,0.9452663280423267,Pr0.994Ir0.006
Pr-Sb,yes,2.324223253968253,Pr0.001Sb0.999
Pr-Au,yes,1.6896933333333364,Pr0.500Au0.500
Pr-Th,yes,1.1953551058201042,Pr0.703Th0.297
Pr-Pu,yes,11.861012238224724,Pr0.045Pu0.955
Pr-Mg,yes,2.475161851851851,Pr0.500Mg0.500
Pr-U,yes,0.9452663280423267,Pr1.000
Pr-Np,yes,3.1378776299348785,Pr0.006Np0.994
Cs-Rb,yes,5.589111976190472,Cs0.561Rb0.439
Cs-Cd,yes,2.1554751574074076,Cs0.913Cd0.087
Cs-Ga,yes,5.552247193457983,Cs0.020Ga0.980
Cs-K,yes,4.448592505291001,Cs0.627K0.373
Cs-Na,yes,17.898624939153446,Cs0.949Na0.051
Cs-Ni,yes,2.3243509722222244,Cs0.417Ni0.583
Cs-Tm,yes,3.0689458503255995,Cs0.148Tm0.852
Cs-Lu,yes,4.687822619047622,Cs0.209Lu0.791
Cs-Zr,yes,4.484405555555549,Cs0.250Zr0.750
Cs-Sc,yes,9.069349909812406,Cs0.010Sc0.990
Cs-Tb,yes,2.012103689153439,Cs0.998Tb0.002
Cs-Mn,yes,1.9452848002645495,Cs0.500Mn0.500
Cs-W,yes,3.7352199999999995,Cs0.240W0.760
Cs-Ag,yes,2.9601362817460357,Cs0.724Ag0.276
Cs-Sn,yes,4.605441888888889,Cs0.474Sn0.526
Cs-In,yes,4.053395314407821,Cs0.114In0.886
Cs-Ge,yes,5.283793843193846,Cs0.001Ge0.999
Cs-Zn,yes,2.0109070224867724,Cs0.999Zn0.001
Cs-Ru,yes,2.0882371296296305,Cs0.500Ru0.500
Cs-Hf,yes,3.4660195238095266,Cs0.482Hf0.518
Cs-Nb,yes,9.16598548093487,Cs0.004Nb0.996
Cs-Pt,yes,2.0109070224867724,Cs0.996Pt0.004
Cs-Pd,yes,2.9338501851851886,Cs0.830Pd0.170
Cs-Ta,yes,4.7084592670940095,Cs0.426Ta0.574
Cs-Mo,yes,3.289789470899475,Cs0.685Mo0.315
Cs-Tc,yes,9.975257990620486,Cs0.063Tc0.937
Cs-Rh,yes,2.6445111111111137,Cs0.667Rh0.333
Cs-Os,yes,2.297661670634921,Cs0.799Os0.201
Cs-Ti,yes,4.049159256410254,Cs0.173Ti0.827
Cs-Ir,yes,2.0109070224867724,Cs0.990Ir0.010
Cs-Sb,yes,4.244909841269841,Cs0.172Sb0.828
Cs-Au,yes,2.6795418373015876,Cs0.882Au0.118
Cs-Th,yes,3.1628566666666633,Cs0.706Th0.294
Cs-Pu,yes,11.861012238224724,Cs0.016Pu0.984
Cs-Mg,yes,2.7208146082621085,Cs0.500Mg0.500
Cs-U,yes,0.8557508769933753,Cs0.054U0.946
Cs-Np,yes,3.373580420940169,Cs0.199Np0.801
Rb-Cd,yes,4.970650863788987,Rb0.449Cd0.551
Rb-Ga,yes,5.760836271047034,Rb0.450Ga0.550
Rb-K,yes,4.576791362433856,Rb0.628K0.372
Rb-Na,yes,14.242312685185176,Rb0.934Na0.066
Rb-Ni,yes,5.741402394179892,Rb0.417Ni0.583
Rb-Tm,yes,5.834423065934062,Rb0.431Tm0.569
Rb-Lu,yes,5.792794021164021,Rb0.425Lu0.575
Rb-Zr,yes,5.651026917989413,Rb0.437Zr0.563
Rb-Sc,yes,9.081249909812405,Rb0.005Sc0.995
Rb-Tb,yes,5.481475402116401,Rb0.430Tb0.570
Rb-Mn,yes,5.438498642857137,Rb0.450Mn0.550
Rb-W,yes,6.069624576719571,Rb0.450W0.550
Rb-Ag,yes,4.951378148148151,Rb0.450Ag0.550
Rb-Sn,yes,6.424244648148144,Rb0.423Sn0.577
Rb-In,yes,6.119256592592589,Rb0.441In0.559
Rb-Ge,yes,6.207748214285703,Rb0.450Ge0.550
Rb-Zn,yes,5.205935596560836,Rb0.432Zn0.568
Rb-Ru,yes,5.056091666666663,Rb0.450Ru0.550
Rb-Hf,yes,6.16636433862433,Rb0.450Hf0.550
Rb-Nb,yes,9.166853922535712,Rb0.003Nb0.997
Rb-Pt,yes,4.950070613853735,Rb0.440Pt0.560
Rb-Pd,yes,5.393927433862427,Rb0.446Pd0.554
Rb-Ta,yes,6.397519556878294,Rb0.418Ta0.582
Rb-Mo,yes,4.228060277777778,Rb0.799Mo0.201
Rb-Tc,yes,9.961466323953832,Rb0.076Tc0.924
Rb-Rh,yes,5.582692592592585,Rb0.439Rh0.561
Rb-Os,yes,5.396515203703699,Rb0.441Os0.559
Rb-Ti,yes,6.022395341066334,Rb0.450Ti0.550
Rb-Ir,yes,5.105892537037037,Rb0.432Ir0.568
Rb-Sb,yes,6.163543148148148,Rb0.400Sb0.600
Rb-Au,yes,4.556241111111112,Rb0.443Au0.557
Rb-Th,yes,5.662836296296291,Rb0.447Th0.553
Rb-Pu,yes,11.861012238224724,Rb0.027Pu0.973
Rb-Mg,yes,4.5064712962962945,Rb0.644Mg0.356
Rb-U,yes,0.8739705079365065,Rb0.950U0.050
Rb-Np,yes,5.969600208791205,Rb0.439Np0.561
Cd-Ga,yes,5.528232711976503,Cd0.026Ga0.974
Cd-K,yes,4.150747031181777,Cd0.615K0.385
Cd-Na,yes,16.940719831798802,Cd0.932Na0.068
Cd-Ni,yes,1.308121023809524,Cd0.176Ni0.824
Cd-Tm,yes,2.916079271164019,Cd0.080Tm0.920
Cd-Lu,yes,4.590773134920637,Cd0.070Lu0.930
Cd-Zr,yes,4.447265674603168,Cd0.252Zr0.748
Cd-Sc,yes,9.081249909812405,Sc1.000
Cd-Tb,yes,1.8677591851851831,Cd0.077Tb0.923
Cd-Mn,yes,0.7112911296296294,Cd0.086Mn0.914
Cd-W,yes,2.5556522407407414,Cd0.179W0.821
Cd-Ag,yes,1.509592063492062,Cd0.025Ag0.975
Cd-Sn,yes,3.9298588392407425,Cd0.003Sn0.997
Cd-In,yes,3.805871666666665,Cd0.110In0.890
Cd-Ge,yes,5.24446328763829,Cd0.002Ge0.998
Cd-Zn,yes,0.9329363210678177,Cd0.235Zn0.765
Cd-Ru,yes,1.3950742222222219,Cd0.173Ru0.827
Cd-Hf,yes,2.474126499999999,Cd0.178Hf0.822
Cd-Nb,yes,9.16598548093487,Cd0.004Nb0.996
Cd-Pt,yes,0.646117478576978,Cd0.450Pt0.550
Cd-Pd,yes,4.982425952380959,Cd0.084Pd0.916
Cd-Ta,yes,4.388754911859572,Cd0.009Ta0.991
Cd-Mo,yes,2.7266920601250653,Cd0.687Mo0.313
Cd-Tc,yes,9.975257990620486,Cd0.063Tc0.937
Cd-Rh,yes,1.2404355555555553,Cd0.143Rh0.857
Cd-Os,yes,0.9057876031746022,Cd0.183Os0.817
Cd-Ti,yes,3.7676716746031644,Cd0.156Ti0.844
Cd-Ir,yes,0.5658675897036262,Cd0.983Ir0.017
Cd-Sb,yes,4.134924246031745,Cd0.134Sb0.866
Cd-Au,yes,1.6461276993347083,Cd0.434Au0.566
Cd-Th,yes,1.313942594646093,Cd0.180Th0.820
Cd-Pu,yes,11.861012238224724,Cd0.032Pu0.968
Cd-Mg,yes,2.3094265079365086,Cd0.448Mg0.552
Cd-U,yes,0.7938527989602988,Cd0.022U0.978
Cd-Np,yes,3.1458979290801765,Cd0.073Np0.927
Ga-K,yes,5.548036637902428,Ga0.986K0.014
Ga-Na,yes,19.68630997487626,Ga0.950Na0.050
Ga-Ni,yes,5.4525370283420544,Ga0.981Ni0.019
Ga-Tm,yes,5.548036637902428,Ga0.959Tm0.041
Ga-Lu,yes,5.547426637902428,Ga0.957Lu0.043
Ga-Zr,yes,5.3676628036250476,Ga0.983Zr0.017
Ga-Sc,yes,9.081249909812405,Sc1.000
Ga-Tb,yes,5.234124491579869,Ga0.982Tb0.018
Ga-Mn,yes,5.2310414613848435,Ga0.980Mn0.020
Ga-W,yes,5.527580653775444,Ga0.980W0.020
Ga-Ag,yes,5.548036637902428,Ga0.958Ag0.042
Ga-Sn,yes,5.548036637902428,Ga0.973Sn0.027
Ga-In,yes,5.548036637902428,Ga0.969In0.031
Ga-Ge,yes,5.548036637902428,Ga0.971Ge0.029
Ga-Zn,yes,5.351639189467963,Ga0.953Zn0.047
Ga-Ru,yes,5.399701035003149,Ga0.977Ru0.023
Ga-Hf,yes,5.751629179627858,Ga0.987Hf0.013
Ga-Nb,yes,19.743626190476103,Ga0.245Nb0.755
Ga-Pt,yes,5.548036637902428,Ga0.987Pt0.013
Ga-Pd,yes,5.556268726092016,Ga0.973Pd0.027
Ga-Ta,yes,5.562500547099711,Ga0.957Ta0.043
Ga-Mo,yes,5.548036637902428,Ga0.986Mo0.014
Ga-Tc,yes,9.975257990620486,Ga0.064Tc0.936
Ga-Rh,yes,5.296737276055123,Ga0.964Rh0.036
Ga-Os,yes,5.072084030779229,Ga0.978Os0.022
Ga-Ti,yes,5.548036637902428,Ga0.953Ti0.047
Ga-Ir,yes,5.34215589081618,Ga0.986Ir0.014
Ga-Sb,yes,5.585056171378212,Ga0.952Sb0.048
Ga-Au,yes,5.548036637902428,Ga0.972Au0.028
Ga-Th,yes,5.548036637902428,Ga0.979Th0.021
Ga-Pu,yes,11.861012238224724,Ga0.023Pu0.977
Ga-Mg,yes,5.548036637902428,Ga0.958Mg0.042
Ga-U,yes,0.9439539821012306,Ga0.968U0.032
Ga-Np,yes,5.548036637902428,Ga0.978Np0.022
K-Na,yes,4.851241650590149,K0.370Na0.630
K-Ni,yes,4.545446997354494,K0.378Ni0.622
K-Tm,yes,4.559421095034591,K0.378Tm0.622
K-Lu,yes,4.67445634920635,K0.212Lu0.788
K-Zr,yes,4.787570634920632,K0.251Zr0.749
K-Sc,yes,9.081249909812405,K0.006Sc0.994
K-Tb,yes,4.375351394179889,K0.381Tb0.619
K-Mn,yes,4.389765005291,K0.450Mn0.550
K-W,yes,4.522900529100526,K0.500W0.500
K-Ag,yes,4.171593862433861,K0.450Ag0.550
K-Sn,yes,4.956989140211634,K0.369Sn0.631
K-In,yes,4.759424529100525,K0.373In0.627
K-Ge,yes,5.283793843193846,K0.001Ge0.999
K-Zn,yes,4.261905259259252,K0.374Zn0.626
K-Ru,yes,4.345678862433857,K0.369Ru0.631
K-Hf,yes,4.655180529100526,K0.383Hf0.617
K-Nb,yes,9.16598548093487,K0.004Nb0.996
K-Pt,yes,4.167652833744953,K0.390Pt0.610
K-Pd,yes,4.351997195767191,K0.377Pd0.623
K-Ta,yes,4.711383862433859,K0.500Ta0.500
K-Mo,yes,5.707789143819148,K0.385Mo0.615
K-Tc,yes,9.902252223424718,K0.055Tc0.945
K-Rh,yes,4.443190529100524,K0.439Rh0.561
K-Os,yes,4.168058695767192,K0.500Os0.500
K-Ti,yes,4.704629785510778,K0.368Ti0.632
K-Ir,yes,4.228091362433858,K0.410Ir0.590
K-Sb,yes,4.828097751322752,K0.385Sb0.615
K-Au,yes,4.363600529100523,K0.434Au0.566
K-Th,yes,4.447547566137562,K0.449Th0.551
K-Pu,yes,11.861012238224724,K0.039Pu0.961
K-Mg,yes,3.382092386039882,K0.654Mg0.346
K-U,yes,4.180913029100523,K0.366U0.634
K-Np,yes,4.650408872812368,K0.371Np0.629
Na-Ni,yes,17.243787023809524,Na0.073Ni0.927
Na-Tm,yes,18.33260519556371,Na0.065Tm0.935
Na-Lu,yes,19.225694047619058,Na0.054Lu0.946
Na-Zr,yes,8.675605000000013,Na0.060Zr0.940
Na-Sc,yes,19.73572305555559,Na0.063Sc0.937
Na-Tb,yes,17.710309198412727,Na0.064Tb0.936
Na-Mn,yes,17.041867994708998,Na0.070Mn0.930
Na-W,yes,32.8533502777777,Na0.048W0.952
Na-Ag,yes,17.453716666666672,Na0.054Ag0.946
Na-Sn,yes,18.550958861111113,Na0.059Sn0.941
Na-In,yes,18.894302797212056,Na0.071In0.929
Na-Ge,yes,18.819171299903818,Na0.071Ge0.929
Na-Zn,yes,17.123625575757593,Na0.061Zn0.939
Na-Ru,yes,14.906730999999997,Na0.053Ru0.947
Na-Hf,yes,17.899176666666676,Na0.070Hf0.930
Na-Nb,yes,9.157913540080127,Na0.001Nb0.999
Na-Pt,yes,16.365588707126218,Na0.066Pt0.934
Na-Pd,yes,17.62017373015873,Na0.066Pd0.934
Na-Ta,yes,17.66936015538215,Na0.053Ta0.947
Na-Mo,yes,3.6832925661375686,Na0.797Mo0.203
Na-Tc,yes,13.615754399350648,Na0.063Tc0.937
Na-Rh,yes,17.32925555555556,Na0.060Rh0.940
Na-Os,yes,17.05257174314573,Na0.070Os0.930
Na-Ti,yes,18.5259055555556,Na0.074Ti0.926
Na-Ir,yes,16.088079999999998,Na0.060Ir0.940
Na-Sb,yes,18.389430793650806,Na0.073Sb0.927
Na-Au,yes,13.209763333333347,Na0.074Au0.926
Na-Th,yes,17.285047870185352,Na0.074Th0.926
Na-Pu,yes,13.19678424307173,Na0.063Pu0.937
Na-Mg,yes,4.042309290801791,Na0.611Mg0.389
Na-U,yes,1.503150876993373,Na0.056U0.944
Na-Np,yes,18.454199005087514,Na0.053Np0.947
Ni-Tm,yes,2.7998847259869755,Ni0.002Tm0.998
Ni-Lu,yes,4.570700396825397,Ni0.001Lu0.999
Ni-Zr,yes,3.733966666666667,Ni0.249Zr0.751
Ni-Sc,yes,9.081249909812405,Ni0.002Sc0.998
Ni-Tb,yes,2.083574444444445,Ni0.343Tb0.657
Ni-Mn,yes,1.921760496031746,Ni0.575Mn0.425
Ni-W,yes,3.1730215079365087,Ni0.302W0.698
Ni-Ag,yes,2.8598800793650843,Ni0.631Ag0.369
Ni-Sn,yes,3.9996323333333303,Ni0.342Sn0.658
Ni-In,yes,3.4847853649267373,Ni0.001In0.999
Ni-Ge,yes,5.283793843193846,Ni0.001Ge0.999
Ni-Zn,yes,2.202190416666668,Ni0.577Zn0.423
Ni-Ru,yes,1.9721441666666661,Ni0.542Ru0.458
Ni-Hf,yes,3.26082182539683,Ni0.581Hf0.419
Ni-Nb,yes,9.149116318791744,Ni0.005Nb0.995
Ni-Pt,yes,1.4772158206006938,Ni0.625Pt0.375
Ni-Pd,yes,2.2386905158730186,Ni0.780Pd0.220
Ni-Ta,yes,4.3902403916749595,Ni0.002Ta0.998
Ni-Mo,yes,8.228087142857136,Ni0.685Mo0.315
Ni-Tc,yes,9.966524657287165,Ni0.076Tc0.924
Ni-Rh,yes,2.173098611111113,Ni0.716Rh0.284
Ni-Os,yes,1.9224370555555546,Ni0.734Os0.266
Ni-Ti,yes,3.3254792539682474,Ni0.161Ti0.839
Ni-Ir,yes,1.372429166666667,Ni0.715Ir0.285
Ni-Sb,yes,3.524445555555555,Ni0.173Sb0.827
Ni-Au,yes,2.0924025793650816,Ni0.763Au0.237
Ni-Th,yes,2.970203611111121,Ni0.601Th0.399
Ni-Pu,yes,11.861012238224724,Ni0.028Pu0.972
Ni-Mg,yes,2.6646861111111106,Ni0.500Mg0.500
Ni-U,yes,0.8611064325489309,Ni0.057U0.943
Ni-Np,yes,3.119519296601545,Ni0.002Np0.998
Tm-Lu,yes,4.592700396825398,Tm0.258Lu0.742
Tm-Zr,yes,4.4861055555555485,Tm0.249Zr0.751
Tm-Sc,yes,9.081249909812405,Tm0.011Sc0.989
Tm-Tb,yes,2.7998847259869755,Tm0.999Tb0.001
Tm-Mn,yes,2.343685413817662,Tm0.999Mn0.001
Tm-W,yes,3.7642361375661335,Tm0.302W0.698
Tm-Ag,yes,3.6033846547619106,Tm0.723Ag0.277
Tm-Sn,yes,4.660871888888889,Tm0.474Sn0.526
Tm-In,yes,3.9753219810744858,Tm0.114In0.886
Tm-Ge,yes,5.283793843193846,Tm0.002Ge0.998
Tm-Zn,yes,2.7998847259869755,Tm0.996Zn0.004
Tm-Ru,yes,2.5854967497964996,Tm0.996Ru0.004
Tm-Hf,yes,3.6628133994708985,Tm0.670Hf0.330
Tm-Nb,yes,9.157913540080127,Tm0.002Nb0.998
Tm-Pt,yes,2.7998847259869755,Tm1.000
Tm-Pd,yes,3.687067592592597,Tm0.831Pd0.169
Tm-Ta,yes,4.723925933760677,Tm0.427Ta0.573
Tm-Mo,yes,3.465765231481483,Tm0.841Mo0.159
Tm-Tc,yes,9.961657990620497,Tm0.075Tc0.925
Tm-Rh,yes,2.7540177777777797,Tm0.722Rh0.278
Tm-Os,yes,2.5064787341269836,Tm0.799Os0.201
Tm-Ti,yes,3.9173032564102535,Tm0.172Ti0.828
Tm-Ir,yes,2.7998847259869755,Tm0.990Ir0.010
Tm-Sb,yes,4.187476507936506,Tm0.175Sb0.825
Tm-Au,yes,3.154561083333334,Tm0.878Au0.122
Tm-Th,yes,3.7960989021164027,Tm0.779Th0.221
Tm-Pu,yes,11.861012238224724,Tm0.015Pu0.985
Tm-Mg,yes,2.877272392653643,Tm0.638Mg0.362
Tm-U,yes,0.8708160634920618,Tm0.970U0.030
Tm-Np,yes,3.1303192966015447,Tm0.049Np0.951
Lu-Zr,yes,4.570700396825397,Lu0.999Zr0.001
Lu-Sc,yes,9.11581546536796,Lu0.010Sc0.990
Lu-Tb,yes,4.570700396825397,Lu0.997Tb0.003
Lu-Mn,yes,3.5253738095238054,Lu0.998Mn0.002
Lu-W,yes,4.570700396825397,Lu1.000
Lu-Ag,yes,4.829086507936508,Lu0.748Ag0.252
Lu-Sn,yes,4.806718412698409,Lu0.785Sn0.215
Lu-In,yes,4.627752896825398,Lu0.923In0.077
Lu-Ge,yes,5.283793843193846,Lu0.002Ge0.998
Lu-Zn,yes,4.570700396825397,Lu0.996Zn0.004
Lu-Ru,yes,4.20798904761905,Lu0.994Ru0.006
Lu-Hf,yes,4.90960119047619,Lu0.919Hf0.081
Lu-Nb,yes,9.166853922535712,Lu0.003Nb0.997
Lu-Pt,yes,4.570700396825397,Lu0.995Pt0.005
Lu-Pd,yes,4.694317063492063,Lu0.832Pd0.168
Lu-Ta,yes,4.836720218253967,Lu0.726Ta0.274
Lu-Mo,yes,4.69663396825397,Lu0.892Mo0.108
Lu-Tc,yes,9.975257990620486,Lu0.063Tc0.937
Lu-Rh,yes,4.168585952380951,Lu0.996Rh0.004
Lu-Os,yes,4.570700396825397,Lu1.000
Lu-Ti,yes,4.719233571428571,Lu0.737Ti0.263
Lu-Ir,yes,4.570700396825397,Lu0.992Ir0.008
Lu-Sb,yes,4.977704285714288,Lu0.742Sb0.258
Lu-Au,yes,4.570700396825397,Lu0.991Au0.009
Lu-Th,yes,4.881275396825398,Lu0.750Th0.250
Lu-Pu,yes,11.861012238224724,Lu0.042Pu0.958
Lu-Mg,yes,4.570700396825397,Lu0.997Mg0.003
Lu-U,yes,0.8941374126984108,Lu0.963U0.037
Lu-Np,yes,4.597067063492063,Lu0.730Np0.270
Zr-Sc,yes,9.037023243145738,Zr0.005Sc0.995
Zr-Tb,yes,4.458805555555549,Zr0.751Tb0.249
Zr-Mn,yes,4.182362222222218,Zr0.750Mn0.250
Zr-W,yes,4.506972222222216,Zr0.751W0.249
Zr-Ag,yes,4.4861055555555485,Zr0.751Ag0.249
Zr-Sn,yes,4.491505555555548,Zr0.749Sn0.251
Zr-In,yes,4.484405555555549,Zr0.748In0.252
Zr-Ge,yes,5.283793843193846,Zr0.002Ge0.998
Zr-Zn,yes,4.755149999999993,Zr0.749Zn0.251
Zr-Ru,yes,4.9615631074481,Zr0.940Ru0.060
Zr-Hf,yes,5.633635714285685,Zr0.749Hf0.251
Zr-Nb,yes,10.780555820105828,Zr0.248Nb0.752
Zr-Pt,yes,4.423251333333328,Zr0.751Pt0.249
Zr-Pd,yes,7.201133333333331,Zr0.928Pd0.072
Zr-Ta,yes,6.436308571428586,Zr0.546Ta0.454
Zr-Mo,yes,4.971031746031748,Zr0.798Mo0.202
Zr-Tc,yes,9.871169101731596,Zr0.063Tc0.937
Zr-Rh,yes,10.765355555555551,Zr0.879Rh0.121
Zr-Os,yes,5.606250000000024,Zr0.933Os0.067
Zr-Ti,yes,3.6965622222222168,Zr0.900Ti0.100
Zr-Ir,yes,7.255183333333334,Zr0.751Ir0.249
Zr-Sb,yes,4.492405555555549,Zr0.751Sb0.249
Zr-Au,yes,4.090211111111102,Zr0.749Au0.251
Zr-Th,yes,5.242433333333315,Zr0.750Th0.250
Zr-Pu,yes,11.861012238224724,Zr0.002Pu0.998
Zr-Mg,yes,4.45420555555555,Zr0.751Mg0.249
Zr-U,yes,0.9883309523809516,Zr0.941U0.059
Zr-Np,yes,4.4861055555555485,Zr0.751Np0.249
Sc-Tb,yes,9.081249909812405,Sc1.000
Sc-Mn,yes,9.081249909812405,Sc1.000
Sc-W,yes,8.978993243145739,Sc0.999W0.001
Sc-Ag,yes,9.081249909812405,Sc0.999Ag0.001
Sc-Sn,yes,9.081249909812405,Sc0.986Sn0.014
Sc-In,yes,9.081249909812405,Sc0.990In0.010
Sc-Ge,yes,9.081249909812405,Sc0.996Ge0.004
Sc-Zn,yes,9.081249909812405,Sc0.997Zn0.003
Sc-Ru,yes,8.302529909812408,Sc0.995Ru0.005
Sc-Hf,yes,9.081249909812405,Sc0.989Hf0.011
Sc-Nb,yes,9.166853922535712,Sc0.003Nb0.997
Sc-Pt,yes,9.081249909812405,Sc0.999Pt0.001
Sc-Pd,yes,9.081249909812405,Sc0.994Pd0.006
Sc-Ta,yes,9.081249909812405,Sc0.997Ta0.003
Sc-Mo,yes,9.081249909812405,Sc0.999Mo0.001
Sc-Tc,yes,9.975257990620486,Sc0.064Tc0.936
Sc-Rh,yes,8.23602768759019,Sc0.997Rh0.003
Sc-Os,yes,7.880422528860028,Sc0.999Os0.001
Sc-Ti,yes,9.081249909812405,Sc0.990Ti0.010
Sc-Ir,yes,9.081249909812405,Sc1.000
Sc-Sb,yes,9.081249909812405,Sc0.997Sb0.003
Sc-Au,yes,9.081249909812405,Sc0.994Au0.006
Sc-Th,yes,9.081249909812405,Sc0.994Th0.006
Sc-Pu,yes,11.861012238224724,Sc0.046Pu0.954
Sc-Mg,yes,9.081249909812405,Sc0.990Mg0.010
Sc-U,yes,1.1409474126984123,Sc0.986U0.014
Sc-Np,yes,9.081249909812405,Sc0.998Np0.002
Tb-Mn,yes,1.7098296613756596,Tb1.000
Tb-W,yes,2.859037248677246,Tb0.301W0.699
Tb-Ag,yes,2.5382493650793654,Tb0.721Ag0.279
Tb-Sn,yes,4.144496055555553,Tb0.473Sn0.527
Tb-In,yes,3.4847853649267373,In1.000
Tb-Ge,yes,5.283793843193846,Tb0.001Ge0.999
Tb-Zn,yes,1.7098296613756596,Tb0.997Zn0.003
Tb-Ru,yes,1.742392500000002,Tb0.536Ru0.464
Tb-Hf,yes,3.209563690476191,Tb0.597Hf0.403
Tb-Nb,yes,9.157913540080127,Tb0.001Nb0.999
Tb-Pt,yes,1.7098296613756596,Tb1.000
Tb-Pd,yes,2.4520062962962967,Tb0.830Pd0.170
Tb-Ta,yes,4.3902403916749595,Tb0.002Ta0.998
Tb-Mo,yes,3.027488253968258,Tb0.685Mo0.315
Tb-Tc,yes,9.966524657287165,Tb0.076Tc0.924
Tb-Rh,yes,2.4282066666666693,Tb0.667Rh0.333
Tb-Os,yes,1.931179031746031,Tb0.797Os0.203
Tb-Ti,yes,2.8989467222222167,Tb0.172Ti0.828
Tb-Ir,yes,1.7098296613756596,Tb0.999Ir0.001
Tb-Sb,yes,3.4672142857142814,Tb0.158Sb0.842
Tb-Au,yes,2.4449511428571418,Tb0.880Au0.120
Tb-Th,yes,2.338924074074071,Tb0.708Th0.292
Tb-Pu,yes,11.861012238224724,Tb0.008Pu0.992
Tb-Mg,yes,2.6196757407407403,Tb0.511Mg0.489
Tb-U,yes,0.8611064325489309,Tb0.057U0.943
Tb-Np,yes,3.119519296601545,Np1.000
Mn-W,yes,3.1393066666666636,Mn0.304W0.696
Mn-Ag,yes,1.509592063492062,Ag1.000
Mn-Sn,yes,3.974777999999992,Mn0.473Sn0.527
Mn-In,yes,3.145478806471303,Mn0.114In0.886
Mn-Ge,yes,4.229613168590663,Mn0.003Ge0.997
Mn-Zn,yes,1.7001742261904762,Mn0.510Zn0.490
Mn-Ru,yes,1.8534676851851861,Mn0.500Ru0.500
Mn-Hf,yes,3.1388928571428574,Mn0.486Hf0.514
Mn-Nb,yes,9.107575553870383,Mn0.008Nb0.992
Mn-Pt,yes,0.8311183755549997,Mn0.491Pt0.509
Mn-Pd,yes,1.5338650000000005,Mn0.102Pd0.898
Mn-Ta,yes,4.21024331471306,Mn0.325Ta0.675
Mn-Mo,yes,2.92655010582011,Mn0.686Mo0.314
Mn-Tc,yes,9.975257990620486,Mn0.064Tc0.936
Mn-Rh,yes,1.9205200000000002,Mn0.482Rh0.518
Mn-Os,yes,1.2499511111111108,Mn0.500Os0.500
Mn-Ti,yes,3.0436069999999886,Mn0.175Ti0.825
Mn-Ir,yes,1.016655277777779,Mn0.550Ir0.450
Mn-Sb,yes,3.5691142857142806,Mn0.170Sb0.830
Mn-Au,yes,1.8263733333333372,Mn0.499Au0.501
Mn-Th,yes,2.192641823361821,Mn0.550Th0.450
Mn-Pu,yes,11.861012238224724,Mn0.021Pu0.979
Mn-Mg,yes,2.656458796296296,Mn0.500Mg0.500
Mn-U,yes,0.8360354425204416,Mn0.100U0.900
Mn-Np,yes,2.524328397130643,Mn0.016Np0.984
W-Ag,yes,4.174859999999997,W0.700Ag0.300
W-Sn,yes,4.238005388888887,W0.340Sn0.660
W-In,yes,3.8831806547619028,W0.700In0.300
W-Ge,yes,5.197444583934584,W0.004Ge0.996
W-Zn,yes,3.392166574074072,W0.652Zn0.348
W-Ru,yes,5.360165000000007,W0.503Ru0.497
W-Hf,yes,4.2047651058200985,W0.696Hf0.304
W-Nb,yes,9.166853922535712,W0.003Nb0.997
W-Pt,yes,2.8934233333333284,W0.700Pt0.300
W-Pd,yes,3.2678118518518584,W0.796Pd0.204
W-Ta,yes,4.36499920312277,W0.003Ta0.997
W-Mo,yes,3.2540566666666684,W0.775Mo0.225
W-Tc,yes,10.123540722101996,W0.061Tc0.939
W-Rh,yes,5.549706666666646,W0.700Rh0.300
W-Os,yes,3.8024599999999746,W0.654Os0.346
W-Ti,yes,3.815353518518514,W0.653Ti0.347
W-Ir,yes,4.530453809523815,W0.708Ir0.292
W-Sb,yes,4.094497619047615,W0.696Sb0.304
W-Au,yes,3.186926111111115,W0.760Au0.240
W-Th,yes,4.046104470899469,W0.698Th0.302
W-Pu,yes,11.861012238224724,W0.020Pu0.980
W-Mg,yes,3.7308729629629593,W0.638Mg0.362
W-U,yes,0.8611064325489309,W0.057U0.943
W-Np,yes,3.7660028042328,W0.700Np0.300
Ag-Sn,yes,4.723405111111111,Ag0.315Sn0.685
Ag-In,yes,4.509260623931637,Ag0.278In0.722
Ag-Ge,yes,5.283793843193846,Ag0.002Ge0.998
Ag-Zn,yes,1.871745338023086,Ag0.350Zn0.650
Ag-Ru,yes,1.839807833333335,Ag0.367Ru0.633
Ag-Hf,yes,3.6128628571428614,Ag0.368Hf0.632
Ag-Nb,yes,9.149116318791744,Ag0.005Nb0.995
Ag-Pt,yes,1.509592063492062,Ag0.992Pt0.008
Ag-Pd,yes,3.76340666666667,Ag0.369Pd0.631
Ag-Ta,yes,4.991541933760679,Ag0.320Ta0.680
Ag-Mo,yes,4.337304550264547,Ag0.686Mo0.314
Ag-Tc,yes,9.966524657287165,Ag0.077Tc0.923
Ag-Rh,yes,2.021125555555556,Ag0.419Rh0.581
Ag-Os,yes,1.95625338095238,Ag0.368Os0.632
Ag-Ti,yes,3.8054828888888954,Ag0.278Ti0.722
Ag-Ir,yes,1.509592063492062,Ag0.995Ir0.005
Ag-Sb,yes,4.196751507936506,Ag0.279Sb0.721
Ag-Au,yes,1.6487200000000017,Ag0.469Au0.531
Ag-Th,yes,2.044845156695155,Ag0.415Th0.585
Ag-Pu,yes,11.861012238224724,Ag0.036Pu0.964
Ag-Mg,yes,2.5150598412698413,Ag0.446Mg0.554
Ag-U,yes,0.8557508769933753,Ag0.054U0.946
Ag-Np,yes,3.8247254158526713,Ag0.277Np0.723
Sn-In,yes,6.905087730158736,Sn0.499In0.501
Sn-Ge,yes,5.283793843193846,Sn0.003Ge0.997
Sn-Zn,yes,4.225894277777769,Sn0.646Zn0.354
Sn-Ru,yes,4.055296940452369,Sn0.999Ru0.001
Sn-Hf,yes,4.872906738095235,Sn0.676Hf0.324
Sn-Nb,yes,18.14123412698418,Sn0.294Nb0.706
Sn-Pt,yes,4.055296940452369,Sn0.998Pt0.002
Sn-Pd,yes,4.055296940452369,Sn1.000
Sn-Ta,yes,5.482787571428571,Sn0.541Ta0.459
Sn-Mo,yes,8.129377966477952,Sn0.616Mo0.384
Sn-Tc,yes,9.975257990620486,Sn0.063Tc0.937
Sn-Rh,yes,4.055296940452369,Sn1.000
Sn-Os,yes,3.7851556577453374,Sn0.997Os0.003
Sn-Ti,yes,4.65285272222222,Sn0.527Ti0.473
Sn-Ir,yes,3.9397655059074093,Sn0.997Ir0.003
Sn-Sb,yes,4.271768333333321,Sn0.677Sb0.323
Sn-Au,yes,4.055296940452369,Sn0.999Au0.001
Sn-Th,yes,4.613755388888889,Sn0.659Th0.341
Sn-Pu,yes,11.861012238224724,Sn0.001Pu0.999
Sn-Mg,yes,4.452560666666668,Sn0.644Mg0.356
Sn-U,yes,4.055296940452369,Sn1.000
Sn-Np,yes,4.683219792836794,Sn0.486Np0.514
In-Ge,yes,5.5162846296296495,In0.884Ge0.116
In-Zn,yes,3.4847853649267373,In1.000
In-Ru,yes,3.4847853649267373,In0.999Ru0.001
In-Hf,yes,4.400909196248198,In0.918Hf0.082
In-Nb,yes,9.166853922535712,In0.003Nb0.997
In-Pt,yes,3.4847853649267373,In0.999Pt0.001
In-Pd,yes,4.2755095436508075,In0.890Pd0.110
In-Ta,yes,4.712485224358973,In0.535Ta0.465
In-Mo,yes,4.023798076312581,In0.882Mo0.118
In-Tc,yes,9.966524657287165,In0.076Tc0.924
In-Rh,yes,3.4847853649267373,In0.998Rh0.002
In-Os,yes,3.049407014809264,In0.999Os0.001
In-Ti,yes,4.10626767551893,In0.887Ti0.113
In-Ir,yes,3.4847853649267373,In1.000
In-Sb,yes,4.317909031339038,In0.741Sb0.259
In-Au,yes,3.852098072344326,In0.901Au0.099
In-Th,yes,4.388730354090359,In0.886Th0.114
In-Pu,yes,11.861012238224724,In0.049Pu0.951
In-Mg,yes,3.924044285714286,In0.893Mg0.107
In-U,yes,0.8908788412698395,In0.968U0.032
In-Np,yes,3.9722486477411523,In0.888Np0.112
Ge-Zn,yes,5.283793843193846,Ge0.998Zn0.002
Ge-Ru,yes,4.769693561808561,Ge0.998Ru0.002
Ge-Hf,yes,5.364574583934582,Ge0.987Hf0.013
Ge-Nb,yes,9.9615630194805,Ge0.992Nb0.008
Ge-Pt,yes,5.283793843193846,Ge0.999Pt0.001
Ge-Pd,yes,5.283793843193846,Ge1.000
Ge-Ta,yes,5.283793843193846,Ge1.000
Ge-Mo,yes,5.283793843193846,Ge1.000
Ge-Tc,yes,9.975257990620486,Ge0.063Tc0.937
Ge-Rh,yes,4.681771594516595,Ge0.996Rh0.004
Ge-Os,yes,4.17887066859067,Ge0.997Os0.003
Ge-Ti,yes,5.283793843193846,Ge0.995Ti0.005
Ge-Ir,yes,5.283793843193846,Ge0.998Ir0.002
Ge-Sb,yes,5.283793843193846,Ge0.995Sb0.005
Ge-Au,yes,5.283793843193846,Ge0.998Au0.002
Ge-Th,yes,5.283793843193846,Ge0.998Th0.002
Ge-Pu,yes,11.861012238224724,Ge0.037Pu0.963
Ge-Mg,yes,5.283793843193846,Ge0.998Mg0.002
Ge-U,yes,5.283793843193846,Ge1.000
Ge-Np,yes,5.283793843193846,Ge0.995Np0.005
Zn-Ru,yes,1.7871736111111125,Zn0.466Ru0.534
Zn-Hf,yes,3.3043794444444448,Zn0.489Hf0.511
Zn-Nb,yes,9.166853922535712,Zn0.003Nb0.997
Zn-Pt,yes,1.0107735505790503,Zn0.650Pt0.350
Zn-Pd,yes,1.5821570634920652,Zn0.101Pd0.899
Zn-Ta,yes,4.3902403916749595,Zn0.004Ta0.996
Zn-Mo,yes,2.879899246031751,Zn0.685Mo0.315
Zn-Tc,yes,9.975257990620486,Zn0.063Tc0.937
Zn-Rh,yes,2.043970833333333,Zn0.442Rh0.558
Zn-Os,yes,1.487953896825397,Zn0.489Os0.511
Zn-Ti,yes,3.4089434310134186,Zn0.160Ti0.840
Zn-Ir,yes,1.0611158488455994,Zn0.715Ir0.285
Zn-Sb,yes,3.7419320634920585,Zn0.158Sb0.842
Zn-Au,yes,1.9049893650793683,Zn0.482Au0.518
Zn-Th,yes,2.0761948115773112,Zn0.440Th0.560
Zn-Pu,yes,11.861012238224724,Zn0.049Pu0.951
Zn-Mg,yes,2.6034198304843246,Zn0.502Mg0.498
Zn-U,yes,0.8611064325489309,Zn0.056U0.944
Zn-Np,yes,3.119519296601545,Zn0.001Np0.999
Ru-Hf,yes,4.152146931216927,Ru0.482Hf0.518
Ru-Nb,yes,9.166853922535712,Ru0.003Nb0.997
Ru-Pt,yes,1.0928938250268259,Ru0.464Pt0.536
Ru-Pd,yes,1.5875239444444442,Ru0.830Pd0.170
Ru-Ta,yes,4.3902403916749595,Ru0.001Ta0.999
Ru-Mo,yes,7.516088492063486,Ru0.402Mo0.598
Ru-Tc,yes,9.975257990620486,Ru0.064Tc0.936
Ru-Rh,yes,1.6427955555555585,Ru0.481Rh0.519
Ru-Os,yes,1.3341788888888935,Ru0.532Os0.468
Ru-Ti,yes,3.496682999999996,Ru0.174Ti0.826
Ru-Ir,yes,0.6404177777777814,Ru0.554Ir0.446
Ru-Sb,yes,3.2202394444444438,Ru0.159Sb0.841
Ru-Au,yes,1.927123333333335,Ru0.465Au0.535
Ru-Th,yes,2.3572380808080804,Ru0.463Th0.537
Ru-Pu,yes,11.861012238224724,Ru0.032Pu0.968
Ru-Mg,yes,2.757988518518518,Ru0.500Mg0.500
Ru-U,yes,1.1389680555555524,Ru0.239U0.761
Ru-Np,yes,2.8875781458078955,Ru0.003Np0.997
Hf-Nb,yes,13.899484444444443,Hf0.323Nb0.677
Hf-Pt,yes,2.4178761221879967,Hf0.625Pt0.375
Hf-Pd,yes,3.085837182539684,Hf0.550Pd0.450
Hf-Ta,yes,6.73925999999998,Hf0.369Ta0.631
Hf-Mo,yes,3.4182111269841235,Hf0.686Mo0.314
Hf-Tc,yes,9.975257990620486,Hf0.064Tc0.936
Hf-Rh,yes,3.1806900000000056,Hf0.607Rh0.393
Hf-Os,yes,3.063072357142858,Hf0.527Os0.473
Hf-Ti,yes,3.9885894603174634,Hf0.180Ti0.820
Hf-Ir,yes,2.412053134920635,Hf0.553Ir0.447
Hf-Sb,yes,4.553470793650792,Hf0.196Sb0.804
Hf-Au,yes,2.6678822222222256,Hf0.849Au0.151
Hf-Th,yes,3.6470795238095266,Hf0.618Th0.382
Hf-Pu,yes,11.861012238224724,Hf0.044Pu0.956
Hf-Mg,yes,3.4627206349206374,Hf0.550Mg0.450
Hf-U,yes,0.8611064325489309,Hf0.056U0.944
Hf-Np,yes,3.8900509330484305,Hf0.330Np0.670
Nb-Pt,yes,9.149116318791744,Nb0.995Pt0.005
Nb-Pd,yes,9.166853922535712,Nb0.997Pd0.003
Nb-Ta,yes,9.157913540080127,Nb0.998Ta0.002
Nb-Mo,yes,9.16598548093487,Nb0.996Mo0.004
Nb-Tc,yes,12.40006666666672,Nb0.201Tc0.799
Nb-Rh,yes,9.149116318791744,Nb0.995Rh0.005
Nb-Os,yes,9.157913540080127,Nb0.998Os0.002
Nb-Ti,yes,9.892566666666703,Nb0.523Ti0.477
Nb-Ir,yes,9.16598548093487,Nb0.996Ir0.004
Nb-Sb,yes,9.157913540080127,Nb0.998Sb0.002
Nb-Au,yes,11.05242619047616,Nb0.750Au0.250
Nb-Th,yes,9.166853922535712,Nb0.997Th0.003
Nb-Pu,yes,10.61852002303251,Nb0.002Pu0.998
Nb-Mg,yes,9.157913540080127,Nb0.998Mg0.002
Nb-U,yes,9.157913540080127,Nb0.998U0.002
Nb-Np,yes,9.157913540080127,Nb0.998Np0.002
Pt-Pd,yes,1.6281840079365095,Pt0.050Pd0.950
Pt-Ta,yes,4.3902403916749595,Pt0.005Ta0.995
Pt-Mo,yes,7.197566666666646,Pt0.154Mo0.846
Pt-Tc,yes,9.975257990620486,Pt0.064Tc0.936
Pt-Rh,yes,1.0567022222222222,Pt0.055Rh0.945
Pt-Os,yes,0.9995254526353277,Pt0.350Os0.650
Pt-Ti,yes,2.8631888888888843,Pt0.068Ti0.932
Pt-Ir,yes,0.6609308019943021,Pt0.550Ir0.450
Pt-Sb,yes,3.0713213492063485,Pt0.085Sb0.915
Pt-Au,yes,2.495483206349213,Pt0.498Au0.502
Pt-Th,yes,1.1438515297110283,Pt0.349Th0.651
Pt-Pu,yes,11.861012238224724,Pt0.003Pu0.997
Pt-Mg,yes,3.0205059100529086,Pt0.501Mg0.499
Pt-U,yes,0.8641830303030327,Pt0.022U0.978
Pt-Np,yes,3.119519296601545,Pt0.007Np0.993
Pd-Ta,yes,4.3902403916749595,Pd0.006Ta0.994
Pd-Mo,yes,3.5759282539682538,Pd0.685Mo0.315
Pd-Tc,yes,9.975257990620486,Pd0.064Tc0.936
Pd-Rh,yes,1.6107177777777788,Pd0.444Rh0.556
Pd-Os,yes,1.545429325396826,Pd0.225Os0.775
Pd-Ti,yes,4.507593888888898,Pd0.166Ti0.834
Pd-Ir,yes,1.4638284523809542,Pd0.990Ir0.010
Pd-Sb,yes,4.722533333333345,Pd0.170Sb0.830
Pd-Au,yes,2.284673730158734,Pd0.896Au0.104
Pd-Th,yes,1.6973448412698424,Pd0.897Th0.103
Pd-Pu,yes,11.861012238224724,Pd0.027Pu0.973
Pd-Mg,yes,2.5562344444444443,Pd0.512Mg0.488
Pd-U,yes,0.8428274074074057,Pd0.057U0.943
Pd-Np,yes,3.942660893365897,Pd0.168Np0.832
Ta-Mo,yes,4.3902403916749595,Ta0.993Mo0.007
Ta-Tc,yes,9.966524657287165,Ta0.076Tc0.924
Ta-Rh,yes,5.173712222222214,Ta0.673Rh0.327
Ta-Os,yes,3.769734446010609,Ta0.992Os0.008
Ta-Ti,yes,8.408323333333339,Ta0.479Ti0.521
Ta-Ir,yes,5.271123333333326,Ta0.576Ir0.424
Ta-Sb,yes,4.686012489316238,Ta0.678Sb0.322
Ta-Au,yes,4.400765626145286,Ta0.991Au0.009
Ta-Th,yes,4.780268600427347,Ta0.676Th0.324
Ta-Pu,yes,11.861012238224724,Ta0.040Pu0.960
Ta-Mg,yes,4.51839093376068,Ta0.679Mg0.321
Ta-U,yes,4.3902403916749595,Ta1.000
Ta-Np,yes,4.730109526353275,Ta0.467Np0.533
Mo-Tc,yes,14.486785555555596,Mo0.239Tc0.761
Mo-Rh,yes,5.037355353535349,Mo0.744Rh0.256
Mo-Os,yes,7.824196553391057,Mo0.308Os0.692
Mo-Ti,yes,4.192883404761899,Mo0.156Ti0.844
Mo-Ir,yes,6.549950000000025,Mo0.725Ir0.275
Mo-Sb,yes,4.226299206349206,Mo0.160Sb0.840
Mo-Au,yes,2.7834749206349247,Mo0.314Au0.686
Mo-Th,yes,2.9080644444444497,Mo0.314Th0.686
Mo-Pu,yes,11.861012238224724,Mo0.001Pu0.999
Mo-Mg,yes,2.7234552384559936,Mo0.735Mg0.265
Mo-U,yes,2.690188571789327,Mo0.745U0.255
Mo-Np,yes,3.673397500508753,Mo0.160Np0.840
Tc-Rh,yes,9.961657990620497,Tc0.931Rh0.069
Tc-Os,yes,9.961657990620497,Tc0.935Os0.065
Tc-Ti,yes,10.177096150793629,Tc0.945Ti0.055
Tc-Ir,yes,9.966524657287165,Tc0.924Ir0.076
Tc-Sb,yes,9.966524657287165,Tc0.923Sb0.077
Tc-Au,yes,9.975257990620486,Tc0.937Au0.063
Tc-Th,yes,9.975257990620486,Tc0.937Th0.063
Tc-Pu,yes,11.861012238224724,Tc0.019Pu0.981
Tc-Mg,yes,9.938899657287164,Tc0.930Mg0.070
Tc-U,yes,1.5439181865079377,Tc0.964U0.036
Tc-Np,yes,9.975257990620486,Tc0.937Np0.063
Rh-Os,yes,1.263203333333336,Rh0.535Os0.465
Rh-Ti,yes,4.07433333333332,Rh0.113Ti0.887
Rh-Ir,yes,1.3391700000000006,Rh0.559Ir0.441
Rh-Sb,yes,3.4401894444444476,Rh0.273Sb0.727
Rh-Au,yes,1.9621344444444453,Rh0.448Au0.552
Rh-Th,yes,2.1807070085470075,Rh0.539Th0.461
Rh-Pu,yes,11.861012238224724,Rh0.041Pu0.959
Rh-Mg,yes,2.657484444444444,Rh0.508Mg0.492
Rh-U,yes,0.9541736111111091,Rh0.054U0.946
Rh-Np,yes,3.119519296601545,Rh0.002Np0.998
Os-Ti,yes,3.306127277777778,Os0.172Ti0.828
Os-Ir,yes,1.8152902380952383,Os0.558Ir0.442
Os-Sb,yes,3.354833999999998,Os0.204Sb0.796
Os-Au,yes,1.7740561111111148,Os0.496Au0.504
Os-Th,yes,1.6334506884411895,Os0.459Th0.541
Os-Pu,yes,11.861012238224724,Pu1.000
Os-Mg,yes,2.5699056746031737,Os0.445Mg0.555
Os-U,yes,0.8611064325489309,Os0.056U0.944
Os-Np,yes,3.119519296601545,Np1.000
Ti-Ir,yes,3.81766682539682,Ti0.711Ir0.289
Ti-Sb,yes,5.868090634920639,Ti0.754Sb0.246
Ti-Au,yes,3.7497331746031715,Ti0.844Au0.156
Ti-Th,yes,4.3022566666666675,Ti0.828Th0.172
Ti-Pu,yes,11.861012238224724,Ti0.011Pu0.989
Ti-Mg,yes,6.559972192918185,Ti0.550Mg0.450
Ti-U,yes,0.8611064325489309,Ti0.056U0.944
Ti-Np,yes,3.9117365897435867,Ti0.826Np0.174
Ir-Sb,yes,2.516939999999998,Ir0.095Sb0.905
Ir-Au,yes,1.779089444444446,Ir0.443Au0.557
Ir-Th,yes,2.7299734920634933,Ir0.445Th0.555
Ir-Pu,yes,11.861012238224724,Ir0.015Pu0.985
Ir-Mg,yes,2.5213950000000005,Ir0.490Mg0.510
Ir-U,yes,0.8611064325489309,Ir0.057U0.943
Ir-Np,yes,3.119519296601545,Ir0.002Np0.998
Sb-Au,yes,7.796325396825371,Sb0.872Au0.128
Sb-Th,yes,4.357678888888888,Sb0.823Th0.177
Sb-Pu,yes,11.861012238224724,Sb0.041Pu0.959
Sb-Mg,yes,4.121899841269841,Sb0.827Mg0.173
Sb-U,yes,2.324223253968253,Sb1.000
Sb-Np,yes,4.385171713471718,Sb0.251Np0.749
Au-Th,yes,1.9036533333333368,Au0.536Th0.464
Au-Pu,yes,11.861012238224724,Au0.016Pu0.984
Au-Mg,yes,2.9099199999999983,Au0.500Mg0.500
Au-U,yes,0.8611064325489309,Au0.057U0.943
Au-Np,yes,3.341398352360602,Au0.100Np0.900
Th-Pu,yes,11.861012238224724,Th0.002Pu0.998
Th-Mg,yes,2.7106726851851852,Th0.507Mg0.493
Th-U,yes,0.8554336190476177,Th0.971U0.029
Th-Np,yes,4.113483472730975,Th0.220Np0.780
Pu-Mg,yes,11.861012238224724,Pu0.984Mg0.016
Pu-U,yes,11.861012238224724,Pu1.000
Pu-Np,yes,11.861012238224724,Pu0.995Np0.005
Mg-U,yes,2.3951673737373738,Mg0.554U0.446
Mg-Np,yes,3.1791780743793248,Mg0.364Np0.636
U-Np,yes,2.036472503977506,U0.946Np0.054
